000000000111111111111111111111111111
000000001011111111111111111111111111
000000001101111111111111111111111111
000000001110111111111111111111111111
000000001111011111111111111111111111
000000001111101111111111111111111111
000000001111110111111111111111111111
000000001111111011111111111111111111
000000001111111101111111111111111111
000000001111111110111111111111111111
000000001111111111011111111111111111
000000001111111111101111111111111111
000000001111111111110111111111111111
000000001111111111111011111111111111
000000001111111111111101111111111111
000000001111111111111110111111111111
000000001111111111111111011111111111
000000001111111111111111101111111111
000000001111111111111111110111111111
000000001111111111111111111011111111
000000001111111111111111111101111111
000000001111111111111111111110111111
000000001111111111111111111111011111
000000001111111111111111111111101111
000000001111111111111111111111110111
000000001111111111111111111111111011
000000001111111111111111111111111101
000000001111111111111111111111111110
000000010011111111111111111111111111
000000010101111111111111111111111111
000000010110111111111111111111111111
000000010111011111111111111111111111
000000010111101111111111111111111111
000000010111110111111111111111111111
000000010111111011111111111111111111
000000010111111101111111111111111111
000000010111111110111111111111111111
000000010111111111011111111111111111
000000010111111111101111111111111111
000000010111111111110111111111111111
000000010111111111111011111111111111
000000010111111111111101111111111111
000000010111111111111110111111111111
000000010111111111111111011111111111
000000010111111111111111101111111111
000000010111111111111111110111111111
000000010111111111111111111011111111
000000010111111111111111111101111111
000000010111111111111111111110111111
000000010111111111111111111111011111
000000010111111111111111111111101111
000000010111111111111111111111110111
000000010111111111111111111111111011
000000010111111111111111111111111101
000000010111111111111111111111111110
000000011001111111111111111111111111
000000011010111111111111111111111111
000000011011011111111111111111111111
000000011011101111111111111111111111
000000011011110111111111111111111111
000000011011111011111111111111111111
000000011011111101111111111111111111
000000011011111110111111111111111111
000000011011111111011111111111111111
000000011011111111101111111111111111
000000011011111111110111111111111111
000000011011111111111011111111111111
000000011011111111111101111111111111
000000011011111111111110111111111111
000000011011111111111111011111111111
000000011011111111111111101111111111
000000011011111111111111110111111111
000000011011111111111111111011111111
000000011011111111111111111101111111
000000011011111111111111111110111111
000000011011111111111111111111011111
000000011011111111111111111111101111
000000011011111111111111111111110111
000000011011111111111111111111111011
000000011011111111111111111111111101
000000011011111111111111111111111110
000000011100111111111111111111111111
000000011101011111111111111111111111
000000011101101111111111111111111111
000000011101110111111111111111111111
000000011101111011111111111111111111
000000011101111101111111111111111111
000000011101111110111111111111111111
000000011101111111011111111111111111
000000011101111111101111111111111111
000000011101111111110111111111111111
000000011101111111111011111111111111
000000011101111111111101111111111111
000000011101111111111110111111111111
000000011101111111111111011111111111
000000011101111111111111101111111111
000000011101111111111111110111111111
000000011101111111111111111011111111
000000011101111111111111111101111111
000000011101111111111111111110111111
000000011101111111111111111111011111
000000011101111111111111111111101111
000000011101111111111111111111110111
000000011101111111111111111111111011
000000011101111111111111111111111101
000000011101111111111111111111111110
000000011110011111111111111111111111
000000011110101111111111111111111111
000000011110110111111111111111111111
000000011110111011111111111111111111
000000011110111101111111111111111111
000000011110111110111111111111111111
000000011110111111011111111111111111
000000011110111111101111111111111111
000000011110111111110111111111111111
000000011110111111111011111111111111
000000011110111111111101111111111111
000000011110111111111110111111111111
000000011110111111111111011111111111
000000011110111111111111101111111111
000000011110111111111111110111111111
000000011110111111111111111011111111
000000011110111111111111111101111111
000000011110111111111111111110111111
000000011110111111111111111111011111
000000011110111111111111111111101111
000000011110111111111111111111110111
000000011110111111111111111111111011
000000011110111111111111111111111101
000000011110111111111111111111111110
000000011111001111111111111111111111
000000011111010111111111111111111111
000000011111011011111111111111111111
000000011111011101111111111111111111
000000011111011110111111111111111111
000000011111011111011111111111111111
000000011111011111101111111111111111
000000011111011111110111111111111111
000000011111011111111011111111111111
000000011111011111111101111111111111
000000011111011111111110111111111111
000000011111011111111111011111111111
000000011111011111111111101111111111
000000011111011111111111110111111111
000000011111011111111111111011111111
000000011111011111111111111101111111
000000011111011111111111111110111111
000000011111011111111111111111011111
000000011111011111111111111111101111
000000011111011111111111111111110111
000000011111011111111111111111111011
000000011111011111111111111111111101
000000011111011111111111111111111110
000000011111100111111111111111111111
000000011111101011111111111111111111
000000011111101101111111111111111111
000000011111101110111111111111111111
000000011111101111011111111111111111
000000011111101111101111111111111111
000000011111101111110111111111111111
000000011111101111111011111111111111
000000011111101111111101111111111111
000000011111101111111110111111111111
000000011111101111111111011111111111
000000011111101111111111101111111111
000000011111101111111111110111111111
000000011111101111111111111011111111
000000011111101111111111111101111111
000000011111101111111111111110111111
000000011111101111111111111111011111
000000011111101111111111111111101111
000000011111101111111111111111110111
000000011111101111111111111111111011
000000011111101111111111111111111101
000000011111101111111111111111111110
000000011111110011111111111111111111
000000011111110101111111111111111111
000000011111110110111111111111111111
000000011111110111011111111111111111
000000011111110111101111111111111111
000000011111110111110111111111111111
000000011111110111111011111111111111
000000011111110111111101111111111111
000000011111110111111110111111111111
000000011111110111111111011111111111
000000011111110111111111101111111111
000000011111110111111111110111111111
000000011111110111111111111011111111
000000011111110111111111111101111111
000000011111110111111111111110111111
000000011111110111111111111111011111
000000011111110111111111111111101111
000000011111110111111111111111110111
000000011111110111111111111111111011
000000011111110111111111111111111101
000000011111110111111111111111111110
000000011111111001111111111111111111
000000011111111010111111111111111111
000000011111111011011111111111111111
000000011111111011101111111111111111
000000011111111011110111111111111111
000000011111111011111011111111111111
000000011111111011111101111111111111
000000011111111011111110111111111111
000000011111111011111111011111111111
000000011111111011111111101111111111
000000011111111011111111110111111111
000000011111111011111111111011111111
000000011111111011111111111101111111
000000011111111011111111111110111111
000000011111111011111111111111011111
000000011111111011111111111111101111
000000011111111011111111111111110111
000000011111111011111111111111111011
000000011111111011111111111111111101
000000011111111011111111111111111110
000000011111111100111111111111111111
000000011111111101011111111111111111
000000011111111101101111111111111111
000000011111111101110111111111111111
000000011111111101111011111111111111
000000011111111101111101111111111111
000000011111111101111110111111111111
000000011111111101111111011111111111
000000011111111101111111101111111111
000000011111111101111111110111111111
000000011111111101111111111011111111
000000011111111101111111111101111111
000000011111111101111111111110111111
000000011111111101111111111111011111
000000011111111101111111111111101111
000000011111111101111111111111110111
000000011111111101111111111111111011
000000011111111101111111111111111101
000000011111111101111111111111111110
000000011111111110011111111111111111
000000011111111110101111111111111111
000000011111111110110111111111111111
000000011111111110111011111111111111
000000011111111110111101111111111111
000000011111111110111110111111111111
000000011111111110111111011111111111
000000011111111110111111101111111111
000000011111111110111111110111111111
000000011111111110111111111011111111
000000011111111110111111111101111111
000000011111111110111111111110111111
000000011111111110111111111111011111
000000011111111110111111111111101111
000000011111111110111111111111110111
000000011111111110111111111111111011
000000011111111110111111111111111101
000000011111111110111111111111111110
000000011111111111001111111111111111
000000011111111111010111111111111111
000000011111111111011011111111111111
000000011111111111011101111111111111
000000011111111111011110111111111111
000000011111111111011111011111111111
000000011111111111011111101111111111
000000011111111111011111110111111111
000000011111111111011111111011111111
000000011111111111011111111101111111
000000011111111111011111111110111111
000000011111111111011111111111011111
000000011111111111011111111111101111
000000011111111111011111111111110111
000000011111111111011111111111111011
000000011111111111011111111111111101
000000011111111111011111111111111110
000000011111111111100111111111111111
000000011111111111101011111111111111
000000011111111111101101111111111111
000000011111111111101110111111111111
000000011111111111101111011111111111
000000011111111111101111101111111111
000000011111111111101111110111111111
000000011111111111101111111011111111
000000011111111111101111111101111111
000000011111111111101111111110111111
000000011111111111101111111111011111
000000011111111111101111111111101111
000000011111111111101111111111110111
000000011111111111101111111111111011
000000011111111111101111111111111101
000000011111111111101111111111111110
000000011111111111110011111111111111
000000011111111111110101111111111111
000000011111111111110110111111111111
000000011111111111110111011111111111
000000011111111111110111101111111111
000000011111111111110111110111111111
000000011111111111110111111011111111
000000011111111111110111111101111111
000000011111111111110111111110111111
000000011111111111110111111111011111
000000011111111111110111111111101111
000000011111111111110111111111110111
000000011111111111110111111111111011
000000011111111111110111111111111101
000000011111111111110111111111111110
000000011111111111111001111111111111
000000011111111111111010111111111111
000000011111111111111011011111111111
000000011111111111111011101111111111
000000011111111111111011110111111111
000000011111111111111011111011111111
000000011111111111111011111101111111
000000011111111111111011111110111111
000000011111111111111011111111011111
000000011111111111111011111111101111
000000011111111111111011111111110111
000000011111111111111011111111111011
000000011111111111111011111111111101
000000011111111111111011111111111110
000000011111111111111100111111111111
000000011111111111111101011111111111
000000011111111111111101101111111111
000000011111111111111101110111111111
000000011111111111111101111011111111
000000011111111111111101111101111111
000000011111111111111101111110111111
000000011111111111111101111111011111
000000011111111111111101111111101111
000000011111111111111101111111110111
000000011111111111111101111111111011
000000011111111111111101111111111101
000000011111111111111101111111111110
000000011111111111111110011111111111
000000011111111111111110101111111111
000000011111111111111110110111111111
000000011111111111111110111011111111
000000011111111111111110111101111111
000000011111111111111110111110111111
000000011111111111111110111111011111
000000011111111111111110111111101111
000000011111111111111110111111110111
000000011111111111111110111111111011
000000011111111111111110111111111101
000000011111111111111110111111111110
000000011111111111111111001111111111
000000011111111111111111010111111111
000000011111111111111111011011111111
000000011111111111111111011101111111
000000011111111111111111011110111111
000000011111111111111111011111011111
000000011111111111111111011111101111
000000011111111111111111011111110111
000000011111111111111111011111111011
000000011111111111111111011111111101
000000011111111111111111011111111110
000000011111111111111111100111111111
000000011111111111111111101011111111
000000011111111111111111101101111111
000000011111111111111111101110111111
000000011111111111111111101111011111
000000011111111111111111101111101111
000000011111111111111111101111110111
000000011111111111111111101111111011
000000011111111111111111101111111101
000000011111111111111111101111111110
000000011111111111111111110011111111
000000011111111111111111110101111111
000000011111111111111111110110111111
000000011111111111111111110111011111
000000011111111111111111110111101111
000000011111111111111111110111110111
000000011111111111111111110111111011
000000011111111111111111110111111101
000000011111111111111111110111111110
000000011111111111111111111001111111
000000011111111111111111111010111111
000000011111111111111111111011011111
000000011111111111111111111011101111
000000011111111111111111111011110111
000000011111111111111111111011111011
000000011111111111111111111011111101
000000011111111111111111111011111110
000000011111111111111111111100111111
000000011111111111111111111101011111
000000011111111111111111111101101111
000000011111111111111111111101110111
000000011111111111111111111101111011
000000011111111111111111111101111101
000000011111111111111111111101111110
000000011111111111111111111110011111
000000011111111111111111111110101111
000000011111111111111111111110110111
000000011111111111111111111110111011
000000011111111111111111111110111101
000000011111111111111111111110111110
000000011111111111111111111111001111
000000011111111111111111111111010111
000000011111111111111111111111011011
000000011111111111111111111111011101
000000011111111111111111111111011110
000000011111111111111111111111100111
000000011111111111111111111111101011
000000011111111111111111111111101101
000000011111111111111111111111101110
000000011111111111111111111111110011
000000011111111111111111111111110101
000000011111111111111111111111110110
000000011111111111111111111111111001
000000011111111111111111111111111010
000000011111111111111111111111111100
000000100011111111111111111111111111
000000100101111111111111111111111111
000000100110111111111111111111111111
000000100111011111111111111111111111
000000100111101111111111111111111111
000000100111110111111111111111111111
000000100111111011111111111111111111
000000100111111101111111111111111111
000000100111111110111111111111111111
000000100111111111011111111111111111
000000100111111111101111111111111111
000000100111111111110111111111111111
000000100111111111111011111111111111
000000100111111111111101111111111111
000000100111111111111110111111111111
000000100111111111111111011111111111
000000100111111111111111101111111111
000000100111111111111111110111111111
000000100111111111111111111011111111
000000100111111111111111111101111111
000000100111111111111111111110111111
000000100111111111111111111111011111
000000100111111111111111111111101111
000000100111111111111111111111110111
000000100111111111111111111111111011
000000100111111111111111111111111101
000000100111111111111111111111111110
000000101001111111111111111111111111
000000101010111111111111111111111111
000000101011011111111111111111111111
000000101011101111111111111111111111
000000101011110111111111111111111111
000000101011111011111111111111111111
000000101011111101111111111111111111
000000101011111110111111111111111111
000000101011111111011111111111111111
000000101011111111101111111111111111
000000101011111111110111111111111111
000000101011111111111011111111111111
000000101011111111111101111111111111
000000101011111111111110111111111111
000000101011111111111111011111111111
000000101011111111111111101111111111
000000101011111111111111110111111111
000000101011111111111111111011111111
000000101011111111111111111101111111
000000101011111111111111111110111111
000000101011111111111111111111011111
000000101011111111111111111111101111
000000101011111111111111111111110111
000000101011111111111111111111111011
000000101011111111111111111111111101
000000101011111111111111111111111110
000000101100111111111111111111111111
000000101101011111111111111111111111
000000101101101111111111111111111111
000000101101110111111111111111111111
000000101101111011111111111111111111
000000101101111101111111111111111111
000000101101111110111111111111111111
000000101101111111011111111111111111
000000101101111111101111111111111111
000000101101111111110111111111111111
000000101101111111111011111111111111
000000101101111111111101111111111111
000000101101111111111110111111111111
000000101101111111111111011111111111
000000101101111111111111101111111111
000000101101111111111111110111111111
000000101101111111111111111011111111
000000101101111111111111111101111111
000000101101111111111111111110111111
000000101101111111111111111111011111
000000101101111111111111111111101111
000000101101111111111111111111110111
000000101101111111111111111111111011
000000101101111111111111111111111101
000000101101111111111111111111111110
000000101110011111111111111111111111
000000101110101111111111111111111111
000000101110110111111111111111111111
000000101110111011111111111111111111
000000101110111101111111111111111111
000000101110111110111111111111111111
000000101110111111011111111111111111
000000101110111111101111111111111111
000000101110111111110111111111111111
000000101110111111111011111111111111
000000101110111111111101111111111111
000000101110111111111110111111111111
000000101110111111111111011111111111
000000101110111111111111101111111111
000000101110111111111111110111111111
000000101110111111111111111011111111
000000101110111111111111111101111111
000000101110111111111111111110111111
000000101110111111111111111111011111
000000101110111111111111111111101111
000000101110111111111111111111110111
000000101110111111111111111111111011
000000101110111111111111111111111101
000000101110111111111111111111111110
000000101111001111111111111111111111
000000101111010111111111111111111111
000000101111011011111111111111111111
000000101111011101111111111111111111
000000101111011110111111111111111111
000000101111011111011111111111111111
000000101111011111101111111111111111
000000101111011111110111111111111111
000000101111011111111011111111111111
000000101111011111111101111111111111
000000101111011111111110111111111111
000000101111011111111111011111111111
000000101111011111111111101111111111
000000101111011111111111110111111111
000000101111011111111111111011111111
000000101111011111111111111101111111
000000101111011111111111111110111111
000000101111011111111111111111011111
000000101111011111111111111111101111
000000101111011111111111111111110111
000000101111011111111111111111111011
000000101111011111111111111111111101
000000101111011111111111111111111110
000000101111100111111111111111111111
000000101111101011111111111111111111
000000101111101101111111111111111111
000000101111101110111111111111111111
000000101111101111011111111111111111
000000101111101111101111111111111111
000000101111101111110111111111111111
000000101111101111111011111111111111
000000101111101111111101111111111111
000000101111101111111110111111111111
000000101111101111111111011111111111
000000101111101111111111101111111111
000000101111101111111111110111111111
000000101111101111111111111011111111
000000101111101111111111111101111111
000000101111101111111111111110111111
000000101111101111111111111111011111
000000101111101111111111111111101111
000000101111101111111111111111110111
000000101111101111111111111111111011
000000101111101111111111111111111101
000000101111101111111111111111111110
000000101111110011111111111111111111
000000101111110101111111111111111111
000000101111110110111111111111111111
000000101111110111011111111111111111
000000101111110111101111111111111111
000000101111110111110111111111111111
000000101111110111111011111111111111
000000101111110111111101111111111111
000000101111110111111110111111111111
000000101111110111111111011111111111
000000101111110111111111101111111111
000000101111110111111111110111111111
000000101111110111111111111011111111
000000101111110111111111111101111111
000000101111110111111111111110111111
000000101111110111111111111111011111
000000101111110111111111111111101111
000000101111110111111111111111110111
000000101111110111111111111111111011
000000101111110111111111111111111101
000000101111110111111111111111111110
000000101111111001111111111111111111
000000101111111010111111111111111111
000000101111111011011111111111111111
000000101111111011101111111111111111
000000101111111011110111111111111111
000000101111111011111011111111111111
000000101111111011111101111111111111
000000101111111011111110111111111111
000000101111111011111111011111111111
000000101111111011111111101111111111
000000101111111011111111110111111111
000000101111111011111111111011111111
000000101111111011111111111101111111
000000101111111011111111111110111111
000000101111111011111111111111011111
000000101111111011111111111111101111
000000101111111011111111111111110111
000000101111111011111111111111111011
000000101111111011111111111111111101
000000101111111011111111111111111110
000000101111111100111111111111111111
000000101111111101011111111111111111
000000101111111101101111111111111111
000000101111111101110111111111111111
000000101111111101111011111111111111
000000101111111101111101111111111111
000000101111111101111110111111111111
000000101111111101111111011111111111
000000101111111101111111101111111111
000000101111111101111111110111111111
000000101111111101111111111011111111
000000101111111101111111111101111111
000000101111111101111111111110111111
000000101111111101111111111111011111
000000101111111101111111111111101111
000000101111111101111111111111110111
000000101111111101111111111111111011
000000101111111101111111111111111101
000000101111111101111111111111111110
000000101111111110011111111111111111
000000101111111110101111111111111111
000000101111111110110111111111111111
000000101111111110111011111111111111
000000101111111110111101111111111111
000000101111111110111110111111111111
000000101111111110111111011111111111
000000101111111110111111101111111111
000000101111111110111111110111111111
000000101111111110111111111011111111
000000101111111110111111111101111111
000000101111111110111111111110111111
000000101111111110111111111111011111
000000101111111110111111111111101111
000000101111111110111111111111110111
000000101111111110111111111111111011
000000101111111110111111111111111101
000000101111111110111111111111111110
000000101111111111001111111111111111
000000101111111111010111111111111111
000000101111111111011011111111111111
000000101111111111011101111111111111
000000101111111111011110111111111111
000000101111111111011111011111111111
000000101111111111011111101111111111
000000101111111111011111110111111111
000000101111111111011111111011111111
000000101111111111011111111101111111
000000101111111111011111111110111111
000000101111111111011111111111011111
000000101111111111011111111111101111
000000101111111111011111111111110111
000000101111111111011111111111111011
000000101111111111011111111111111101
000000101111111111011111111111111110
000000101111111111100111111111111111
000000101111111111101011111111111111
000000101111111111101101111111111111
000000101111111111101110111111111111
000000101111111111101111011111111111
000000101111111111101111101111111111
000000101111111111101111110111111111
000000101111111111101111111011111111
000000101111111111101111111101111111
000000101111111111101111111110111111
000000101111111111101111111111011111
000000101111111111101111111111101111
000000101111111111101111111111110111
000000101111111111101111111111111011
000000101111111111101111111111111101
000000101111111111101111111111111110
000000101111111111110011111111111111
000000101111111111110101111111111111
000000101111111111110110111111111111
000000101111111111110111011111111111
000000101111111111110111101111111111
000000101111111111110111110111111111
000000101111111111110111111011111111
000000101111111111110111111101111111
000000101111111111110111111110111111
000000101111111111110111111111011111
000000101111111111110111111111101111
000000101111111111110111111111110111
000000101111111111110111111111111011
000000101111111111110111111111111101
000000101111111111110111111111111110
000000101111111111111001111111111111
000000101111111111111010111111111111
000000101111111111111011011111111111
000000101111111111111011101111111111
000000101111111111111011110111111111
000000101111111111111011111011111111
000000101111111111111011111101111111
000000101111111111111011111110111111
000000101111111111111011111111011111
000000101111111111111011111111101111
000000101111111111111011111111110111
000000101111111111111011111111111011
000000101111111111111011111111111101
000000101111111111111011111111111110
000000101111111111111100111111111111
000000101111111111111101011111111111
000000101111111111111101101111111111
000000101111111111111101110111111111
000000101111111111111101111011111111
000000101111111111111101111101111111
000000101111111111111101111110111111
000000101111111111111101111111011111
000000101111111111111101111111101111
000000101111111111111101111111110111
000000101111111111111101111111111011
000000101111111111111101111111111101
000000101111111111111101111111111110
000000101111111111111110011111111111
000000101111111111111110101111111111
000000101111111111111110110111111111
000000101111111111111110111011111111
000000101111111111111110111101111111
000000101111111111111110111110111111
000000101111111111111110111111011111
000000101111111111111110111111101111
000000101111111111111110111111110111
000000101111111111111110111111111011
000000101111111111111110111111111101
000000101111111111111110111111111110
000000101111111111111111001111111111
000000101111111111111111010111111111
000000101111111111111111011011111111
000000101111111111111111011101111111
000000101111111111111111011110111111
000000101111111111111111011111011111
000000101111111111111111011111101111
000000101111111111111111011111110111
000000101111111111111111011111111011
000000101111111111111111011111111101
000000101111111111111111011111111110
000000101111111111111111100111111111
000000101111111111111111101011111111
000000101111111111111111101101111111
000000101111111111111111101110111111
000000101111111111111111101111011111
000000101111111111111111101111101111
000000101111111111111111101111110111
000000101111111111111111101111111011
000000101111111111111111101111111101
000000101111111111111111101111111110
000000101111111111111111110011111111
000000101111111111111111110101111111
000000101111111111111111110110111111
000000101111111111111111110111011111
000000101111111111111111110111101111
000000101111111111111111110111110111
000000101111111111111111110111111011
000000101111111111111111110111111101
000000101111111111111111110111111110
000000101111111111111111111001111111
000000101111111111111111111010111111
000000101111111111111111111011011111
000000101111111111111111111011101111
000000101111111111111111111011110111
000000101111111111111111111011111011
000000101111111111111111111011111101
000000101111111111111111111011111110
000000101111111111111111111100111111
000000101111111111111111111101011111
000000101111111111111111111101101111
000000101111111111111111111101110111
000000101111111111111111111101111011
000000101111111111111111111101111101
000000101111111111111111111101111110
000000101111111111111111111110011111
000000101111111111111111111110101111
000000101111111111111111111110110111
000000101111111111111111111110111011
000000101111111111111111111110111101
000000101111111111111111111110111110
000000101111111111111111111111001111
000000101111111111111111111111010111
000000101111111111111111111111011011
000000101111111111111111111111011101
000000101111111111111111111111011110
000000101111111111111111111111100111
000000101111111111111111111111101011
000000101111111111111111111111101101
000000101111111111111111111111101110
000000101111111111111111111111110011
000000101111111111111111111111110101
000000101111111111111111111111110110
000000101111111111111111111111111001
000000101111111111111111111111111010
000000101111111111111111111111111100
000000110001111111111111111111111111
000000110010111111111111111111111111
000000110011011111111111111111111111
000000110011101111111111111111111111
000000110011110111111111111111111111
000000110011111011111111111111111111
000000110011111101111111111111111111
000000110011111110111111111111111111
000000110011111111011111111111111111
000000110011111111101111111111111111
000000110011111111110111111111111111
000000110011111111111011111111111111
000000110011111111111101111111111111
000000110011111111111110111111111111
000000110011111111111111011111111111
000000110011111111111111101111111111
000000110011111111111111110111111111
000000110011111111111111111011111111
000000110011111111111111111101111111
000000110011111111111111111110111111
000000110011111111111111111111011111
000000110011111111111111111111101111
000000110011111111111111111111110111
000000110011111111111111111111111011
000000110011111111111111111111111101
000000110011111111111111111111111110
000000110100111111111111111111111111
000000110101011111111111111111111111
000000110101101111111111111111111111
000000110101110111111111111111111111
000000110101111011111111111111111111
000000110101111101111111111111111111
000000110101111110111111111111111111
000000110101111111011111111111111111
000000110101111111101111111111111111
000000110101111111110111111111111111
000000110101111111111011111111111111
000000110101111111111101111111111111
000000110101111111111110111111111111
000000110101111111111111011111111111
000000110101111111111111101111111111
000000110101111111111111110111111111
000000110101111111111111111011111111
000000110101111111111111111101111111
000000110101111111111111111110111111
000000110101111111111111111111011111
000000110101111111111111111111101111
000000110101111111111111111111110111
000000110101111111111111111111111011
000000110101111111111111111111111101
000000110101111111111111111111111110
000000110110011111111111111111111111
000000110110101111111111111111111111
000000110110110111111111111111111111
000000110110111011111111111111111111
000000110110111101111111111111111111
000000110110111110111111111111111111
000000110110111111011111111111111111
000000110110111111101111111111111111
000000110110111111110111111111111111
000000110110111111111011111111111111
000000110110111111111101111111111111
000000110110111111111110111111111111
000000110110111111111111011111111111
000000110110111111111111101111111111
000000110110111111111111110111111111
000000110110111111111111111011111111
000000110110111111111111111101111111
000000110110111111111111111110111111
000000110110111111111111111111011111
000000110110111111111111111111101111
000000110110111111111111111111110111
000000110110111111111111111111111011
000000110110111111111111111111111101
000000110110111111111111111111111110
000000110111001111111111111111111111
000000110111010111111111111111111111
000000110111011011111111111111111111
000000110111011101111111111111111111
000000110111011110111111111111111111
000000110111011111011111111111111111
000000110111011111101111111111111111
000000110111011111110111111111111111
000000110111011111111011111111111111
000000110111011111111101111111111111
000000110111011111111110111111111111
000000110111011111111111011111111111
000000110111011111111111101111111111
000000110111011111111111110111111111
000000110111011111111111111011111111
000000110111011111111111111101111111
000000110111011111111111111110111111
000000110111011111111111111111011111
000000110111011111111111111111101111
000000110111011111111111111111110111
000000110111011111111111111111111011
000000110111011111111111111111111101
000000110111011111111111111111111110
000000110111100111111111111111111111
000000110111101011111111111111111111
000000110111101101111111111111111111
000000110111101110111111111111111111
000000110111101111011111111111111111
000000110111101111101111111111111111
000000110111101111110111111111111111
000000110111101111111011111111111111
000000110111101111111101111111111111
000000110111101111111110111111111111
000000110111101111111111011111111111
000000110111101111111111101111111111
000000110111101111111111110111111111
000000110111101111111111111011111111
000000110111101111111111111101111111
000000110111101111111111111110111111
000000110111101111111111111111011111
000000110111101111111111111111101111
000000110111101111111111111111110111
000000110111101111111111111111111011
000000110111101111111111111111111101
000000110111101111111111111111111110
000000110111110011111111111111111111
000000110111110101111111111111111111
000000110111110110111111111111111111
000000110111110111011111111111111111
000000110111110111101111111111111111
000000110111110111110111111111111111
000000110111110111111011111111111111
000000110111110111111101111111111111
000000110111110111111110111111111111
000000110111110111111111011111111111
000000110111110111111111101111111111
000000110111110111111111110111111111
000000110111110111111111111011111111
000000110111110111111111111101111111
000000110111110111111111111110111111
000000110111110111111111111111011111
000000110111110111111111111111101111
000000110111110111111111111111110111
000000110111110111111111111111111011
000000110111110111111111111111111101
000000110111110111111111111111111110
000000110111111001111111111111111111
000000110111111010111111111111111111
000000110111111011011111111111111111
000000110111111011101111111111111111
000000110111111011110111111111111111
000000110111111011111011111111111111
000000110111111011111101111111111111
000000110111111011111110111111111111
000000110111111011111111011111111111
000000110111111011111111101111111111
000000110111111011111111110111111111
000000110111111011111111111011111111
000000110111111011111111111101111111
000000110111111011111111111110111111
000000110111111011111111111111011111
000000110111111011111111111111101111
000000110111111011111111111111110111
000000110111111011111111111111111011
000000110111111011111111111111111101
000000110111111011111111111111111110
000000110111111100111111111111111111
000000110111111101011111111111111111
000000110111111101101111111111111111
000000110111111101110111111111111111
000000110111111101111011111111111111
000000110111111101111101111111111111
000000110111111101111110111111111111
000000110111111101111111011111111111
000000110111111101111111101111111111
000000110111111101111111110111111111
000000110111111101111111111011111111
000000110111111101111111111101111111
000000110111111101111111111110111111
000000110111111101111111111111011111
000000110111111101111111111111101111
000000110111111101111111111111110111
000000110111111101111111111111111011
000000110111111101111111111111111101
000000110111111101111111111111111110
000000110111111110011111111111111111
000000110111111110101111111111111111
000000110111111110110111111111111111
000000110111111110111011111111111111
000000110111111110111101111111111111
000000110111111110111110111111111111
000000110111111110111111011111111111
000000110111111110111111101111111111
000000110111111110111111110111111111
000000110111111110111111111011111111
000000110111111110111111111101111111
000000110111111110111111111110111111
000000110111111110111111111111011111
000000110111111110111111111111101111
000000110111111110111111111111110111
000000110111111110111111111111111011
000000110111111110111111111111111101
000000110111111110111111111111111110
000000110111111111001111111111111111
000000110111111111010111111111111111
000000110111111111011011111111111111
000000110111111111011101111111111111
000000110111111111011110111111111111
000000110111111111011111011111111111
000000110111111111011111101111111111
000000110111111111011111110111111111
000000110111111111011111111011111111
000000110111111111011111111101111111
000000110111111111011111111110111111
000000110111111111011111111111011111
000000110111111111011111111111101111
000000110111111111011111111111110111
000000110111111111011111111111111011
000000110111111111011111111111111101
000000110111111111011111111111111110
000000110111111111100111111111111111
000000110111111111101011111111111111
000000110111111111101101111111111111
000000110111111111101110111111111111
000000110111111111101111011111111111
000000110111111111101111101111111111
000000110111111111101111110111111111
000000110111111111101111111011111111
000000110111111111101111111101111111
000000110111111111101111111110111111
000000110111111111101111111111011111
000000110111111111101111111111101111
000000110111111111101111111111110111
000000110111111111101111111111111011
000000110111111111101111111111111101
000000110111111111101111111111111110
000000110111111111110011111111111111
000000110111111111110101111111111111
000000110111111111110110111111111111
000000110111111111110111011111111111
000000110111111111110111101111111111
000000110111111111110111110111111111
000000110111111111110111111011111111
000000110111111111110111111101111111
000000110111111111110111111110111111
000000110111111111110111111111011111
000000110111111111110111111111101111
000000110111111111110111111111110111
000000110111111111110111111111111011
000000110111111111110111111111111101
000000110111111111110111111111111110
000000110111111111111001111111111111
000000110111111111111010111111111111
000000110111111111111011011111111111
000000110111111111111011101111111111
000000110111111111111011110111111111
000000110111111111111011111011111111
000000110111111111111011111101111111
000000110111111111111011111110111111
000000110111111111111011111111011111
000000110111111111111011111111101111
000000110111111111111011111111110111
000000110111111111111011111111111011
000000110111111111111011111111111101
000000110111111111111011111111111110
000000110111111111111100111111111111
000000110111111111111101011111111111
000000110111111111111101101111111111
000000110111111111111101110111111111
000000110111111111111101111011111111
000000110111111111111101111101111111
000000110111111111111101111110111111
000000110111111111111101111111011111
000000110111111111111101111111101111
000000110111111111111101111111110111
000000110111111111111101111111111011
000000110111111111111101111111111101
000000110111111111111101111111111110
000000110111111111111110011111111111
000000110111111111111110101111111111
000000110111111111111110110111111111
000000110111111111111110111011111111
000000110111111111111110111101111111
000000110111111111111110111110111111
000000110111111111111110111111011111
000000110111111111111110111111101111
000000110111111111111110111111110111
000000110111111111111110111111111011
000000110111111111111110111111111101
000000110111111111111110111111111110
000000110111111111111111001111111111
000000110111111111111111010111111111
000000110111111111111111011011111111
000000110111111111111111011101111111
000000110111111111111111011110111111
000000110111111111111111011111011111
000000110111111111111111011111101111
000000110111111111111111011111110111
000000110111111111111111011111111011
000000110111111111111111011111111101
000000110111111111111111011111111110
000000110111111111111111100111111111
000000110111111111111111101011111111
000000110111111111111111101101111111
000000110111111111111111101110111111
000000110111111111111111101111011111
000000110111111111111111101111101111
000000110111111111111111101111110111
000000110111111111111111101111111011
000000110111111111111111101111111101
000000110111111111111111101111111110
000000110111111111111111110011111111
000000110111111111111111110101111111
000000110111111111111111110110111111
000000110111111111111111110111011111
000000110111111111111111110111101111
000000110111111111111111110111110111
000000110111111111111111110111111011
000000110111111111111111110111111101
000000110111111111111111110111111110
000000110111111111111111111001111111
000000110111111111111111111010111111
000000110111111111111111111011011111
000000110111111111111111111011101111
000000110111111111111111111011110111
000000110111111111111111111011111011
000000110111111111111111111011111101
000000110111111111111111111011111110
000000110111111111111111111100111111
000000110111111111111111111101011111
000000110111111111111111111101101111
000000110111111111111111111101110111
000000110111111111111111111101111011
000000110111111111111111111101111101
000000110111111111111111111101111110
000000110111111111111111111110011111
000000110111111111111111111110101111
000000110111111111111111111110110111
000000110111111111111111111110111011
000000110111111111111111111110111101
000000110111111111111111111110111110
000000110111111111111111111111001111
000000110111111111111111111111010111
000000110111111111111111111111011011
000000110111111111111111111111011101
000000110111111111111111111111011110
000000110111111111111111111111100111
000000110111111111111111111111101011
000000110111111111111111111111101101
000000110111111111111111111111101110
000000110111111111111111111111110011
000000110111111111111111111111110101
000000110111111111111111111111110110
000000110111111111111111111111111001
000000110111111111111111111111111010
000000110111111111111111111111111100
000000111000111111111111111111111111
000000111001011111111111111111111111
000000111001101111111111111111111111
000000111001111011111111111111111111
000000111001111101111111111111111111
000000111001111110111111111111111111
000000111001111111011111111111111111
000000111001111111101111111111111111
000000111001111111111011111111111111
000000111001111111111101111111111111
000000111001111111111110111111111111
000000111001111111111111101111111111
000000111001111111111111111011111111
000000111001111111111111111110111111
000000111001111111111111111111101111
000000111001111111111111111111110111
000000111001111111111111111111111011
000000111001111111111111111111111101
000000111001111111111111111111111110
000000111010011111111111111111111111
000000111010101111111111111111111111
000000111010110111111111111111111111
000000111010111011111111111111111111
000000111010111101111111111111111111
000000111010111110111111111111111111
000000111010111111011111111111111111
000000111010111111101111111111111111
000000111010111111110111111111111111
000000111010111111111011111111111111
000000111010111111111101111111111111
000000111010111111111110111111111111
000000111010111111111111011111111111
000000111010111111111111101111111111
000000111010111111111111111101111111
000000111010111111111111111110111111
000000111010111111111111111111011111
000000111010111111111111111111101111
000000111010111111111111111111110111
000000111010111111111111111111111011
000000111010111111111111111111111101
000000111010111111111111111111111110
000000111011010111111111111111111111
000000111011011101111111111111111111
000000111011011110111111111111111111
000000111011011111011111111111111111
000000111011011111101111111111111111
000000111011011111111011111111111111
000000111011011111111110111111111111
000000111011011111111111011111111111
000000111011011111111111101111111111
000000111011011111111111110111111111
000000111011011111111111111110111111
000000111011011111111111111111011111
000000111011011111111111111111101111
000000111011011111111111111111110111
000000111011011111111111111111111011
000000111011011111111111111111111101
000000111011011111111111111111111110
000000111011100111111111111111111111
000000111011101011111111111111111111
000000111011101101111111111111111111
000000111011101110111111111111111111
000000111011101111011111111111111111
000000111011101111110111111111111111
000000111011101111111011111111111111
000000111011101111111101111111111111
000000111011101111111110111111111111
000000111011101111111111011111111111
000000111011101111111111101111111111
000000111011101111111111110111111111
000000111011101111111111111011111111
000000111011101111111111111101111111
000000111011101111111111111110111111
000000111011101111111111111111011111
000000111011101111111111111111110111
000000111011101111111111111111111011
000000111011110011111111111111111111
000000111011110101111111111111111111
000000111011110110111111111111111111
000000111011110111101111111111111111
000000111011110111110111111111111111
000000111011110111111110111111111111
000000111011110111111111011111111111
000000111011110111111111101111111111
000000111011110111111111110111111111
000000111011110111111111111101111111
000000111011110111111111111110111111
000000111011110111111111111111101111
000000111011110111111111111111111011
000000111011110111111111111111111101
000000111011110111111111111111111110
000000111011111010111111111111111111
000000111011111011011111111111111111
000000111011111011110111111111111111
000000111011111011111101111111111111
000000111011111011111110111111111111
000000111011111011111111011111111111
000000111011111011111111101111111111
000000111011111011111111111011111111
000000111011111011111111111101111111
000000111011111011111111111110111111
000000111011111011111111111111011111
000000111011111011111111111111101111
000000111011111011111111111111110111
000000111011111011111111111111111101
000000111011111011111111111111111110
000000111011111101011111111111111111
000000111011111101101111111111111111
000000111011111101110111111111111111
000000111011111101111011111111111111
000000111011111101111101111111111111
000000111011111101111110111111111111
000000111011111101111111011111111111
000000111011111101111111101111111111
000000111011111101111111111011111111
000000111011111101111111111111011111
000000111011111101111111111111101111
000000111011111101111111111111110111
000000111011111101111111111111111011
000000111011111101111111111111111101
000000111011111101111111111111111110
000000111011111110011111111111111111
000000111011111110101111111111111111
000000111011111110111101111111111111
000000111011111110111110111111111111
000000111011111110111111011111111111
000000111011111110111111110111111111
000000111011111110111111111011111111
000000111011111110111111111110111111
000000111011111110111111111111011111
000000111011111110111111111111101111
000000111011111110111111111111111110
000000111011111111001111111111111111
000000111011111111011011111111111111
000000111011111111011101111111111111
000000111011111111011111011111111111
000000111011111111011111101111111111
000000111011111111011111110111111111
000000111011111111011111111011111111
000000111011111111011111111101111111
000000111011111111011111111111011111
000000111011111111011111111111101111
000000111011111111011111111111110111
000000111011111111011111111111111011
000000111011111111011111111111111101
000000111011111111100111111111111111
000000111011111111101101111111111111
000000111011111111101110111111111111
000000111011111111101111011111111111
000000111011111111101111101111111111
000000111011111111101111110111111111
000000111011111111101111111011111111
000000111011111111101111111101111111
000000111011111111101111111111011111
000000111011111111101111111111101111
000000111011111111101111111111111101
000000111011111111101111111111111110
000000111011111111110011111111111111
000000111011111111110111011111111111
000000111011111111110111101111111111
000000111011111111110111110111111111
000000111011111111110111111011111111
000000111011111111110111111101111111
000000111011111111110111111110111111
000000111011111111110111111111110111
000000111011111111110111111111111011
000000111011111111110111111111111110
000000111011111111111001111111111111
000000111011111111111010111111111111
000000111011111111111011011111111111
000000111011111111111011101111111111
000000111011111111111011110111111111
000000111011111111111011111011111111
000000111011111111111011111110111111
000000111011111111111011111111101111
000000111011111111111011111111110111
000000111011111111111011111111111011
000000111011111111111011111111111101
000000111011111111111011111111111110
000000111011111111111100111111111111
000000111011111111111101011111111111
000000111011111111111101101111111111
000000111011111111111101110111111111
000000111011111111111101111011111111
000000111011111111111101111111011111
000000111011111111111101111111101111
000000111011111111111101111111111011
000000111011111111111101111111111101
000000111011111111111101111111111110
000000111011111111111110101111111111
000000111011111111111110110111111111
000000111011111111111110111011111111
000000111011111111111110111110111111
000000111011111111111110111111011111
000000111011111111111110111111101111
000000111011111111111110111111111011
000000111011111111111110111111111101
000000111011111111111110111111111110
000000111011111111111111001111111111
000000111011111111111111011101111111
000000111011111111111111011110111111
000000111011111111111111011111011111
000000111011111111111111011111110111
000000111011111111111111011111111011
000000111011111111111111011111111110
000000111011111111111111100111111111
000000111011111111111111101101111111
000000111011111111111111101110111111
000000111011111111111111101111011111
000000111011111111111111101111101111
000000111011111111111111101111110111
000000111011111111111111101111111011
000000111011111111111111101111111110
000000111011111111111111110101111111
000000111011111111111111110111011111
000000111011111111111111110111101111
000000111011111111111111110111111011
000000111011111111111111110111111101
000000111011111111111111110111111110
000000111011111111111111111001111111
000000111011111111111111111010111111
000000111011111111111111111011011111
000000111011111111111111111011101111
000000111011111111111111111011110111
000000111011111111111111111011111011
000000111011111111111111111101011111
000000111011111111111111111101101111
000000111011111111111111111101110111
000000111011111111111111111101111011
000000111011111111111111111101111110
000000111011111111111111111110011111
000000111011111111111111111110101111
000000111011111111111111111110111011
000000111011111111111111111110111101
000000111011111111111111111110111110
000000111011111111111111111111001111
000000111011111111111111111111010111
000000111011111111111111111111011011
000000111011111111111111111111011101
000000111011111111111111111111011110
000000111011111111111111111111100111
000000111011111111111111111111101011
000000111011111111111111111111101101
000000111011111111111111111111110011
000000111011111111111111111111111001
000000111011111111111111111111111010
000000111011111111111111111111111100
000000111100101111111111111111111111
000000111100110111111111111111111111
000000111100111011111111111111111111
000000111100111101111111111111111111
000000111100111110111111111111111111
000000111100111111101111111111111111
000000111100111111111011111111111111
000000111100111111111101111111111111
000000111100111111111111011111111111
000000111100111111111111101111111111
000000111100111111111111111011111111
000000111100111111111111111101111111
000000111100111111111111111110111111
000000111100111111111111111111011111
000000111100111111111111111111101111
000000111100111111111111111111111110
000000111101001111111111111111111111
000000111101010111111111111111111111
000000111101011011111111111111111111
000000111101011101111111111111111111
000000111101011110111111111111111111
000000111101011111011111111111111111
000000111101011111101111111111111111
000000111101011111110111111111111111
000000111101011111111011111111111111
000000111101011111111101111111111111
000000111101011111111110111111111111
000000111101011111111111011111111111
000000111101011111111111101111111111
000000111101011111111111110111111111
000000111101011111111111111011111111
000000111101011111111111111101111111
000000111101011111111111111110111111
000000111101011111111111111111011111
000000111101011111111111111111101111
000000111101011111111111111111111011
000000111101011111111111111111111101
000000111101011111111111111111111110
000000111101100111111111111111111111
000000111101101110111111111111111111
000000111101101111011111111111111111
000000111101101111101111111111111111
000000111101101111110111111111111111
000000111101101111111101111111111111
000000111101101111111110111111111111
000000111101101111111111011111111111
000000111101101111111111101111111111
000000111101101111111111110111111111
000000111101101111111111111011111111
000000111101101111111111111101111111
000000111101101111111111111111011111
000000111101101111111111111111101111
000000111101101111111111111111110111
000000111101101111111111111111111011
000000111101101111111111111111111101
000000111101101111111111111111111110
000000111101110011111111111111111111
000000111101110101111111111111111111
000000111101110110111111111111111111
000000111101110111011111111111111111
000000111101110111101111111111111111
000000111101110111110111111111111111
000000111101110111111011111111111111
000000111101110111111101111111111111
000000111101110111111110111111111111
000000111101110111111111011111111111
000000111101110111111111101111111111
000000111101110111111111110111111111
000000111101110111111111111101111111
000000111101110111111111111111101111
000000111101110111111111111111110111
000000111101110111111111111111111101
000000111101110111111111111111111110
000000111101111001111111111111111111
000000111101111010111111111111111111
000000111101111011110111111111111111
000000111101111011111101111111111111
000000111101111011111111101111111111
000000111101111011111111110111111111
000000111101111011111111111011111111
000000111101111011111111111101111111
000000111101111011111111111110111111
000000111101111011111111111111011111
000000111101111011111111111111110111
000000111101111011111111111111111011
000000111101111011111111111111111101
000000111101111100111111111111111111
000000111101111101011111111111111111
000000111101111101101111111111111111
000000111101111101111101111111111111
000000111101111101111110111111111111
000000111101111101111111011111111111
000000111101111101111111101111111111
000000111101111101111111110111111111
000000111101111101111111111011111111
000000111101111101111111111101111111
000000111101111101111111111110111111
000000111101111101111111111111011111
000000111101111101111111111111101111
000000111101111101111111111111110111
000000111101111101111111111111111011
000000111101111101111111111111111110
000000111101111110011111111111111111
000000111101111110101111111111111111
000000111101111110110111111111111111
000000111101111110111101111111111111
000000111101111110111110111111111111
000000111101111110111111011111111111
000000111101111110111111101111111111
000000111101111110111111111011111111
000000111101111110111111111101111111
000000111101111110111111111110111111
000000111101111110111111111111101111
000000111101111110111111111111110111
000000111101111110111111111111111101
000000111101111110111111111111111110
000000111101111111001111111111111111
000000111101111111010111111111111111
000000111101111111011011111111111111
000000111101111111011110111111111111
000000111101111111011111011111111111
000000111101111111011111110111111111
000000111101111111011111111011111111
000000111101111111011111111101111111
000000111101111111011111111110111111
000000111101111111011111111111011111
000000111101111111011111111111101111
000000111101111111011111111111110111
000000111101111111011111111111111110
000000111101111111100111111111111111
000000111101111111101111011111111111
000000111101111111101111101111111111
000000111101111111101111110111111111
000000111101111111101111111011111111
000000111101111111101111111101111111
000000111101111111101111111110111111
000000111101111111101111111111011111
000000111101111111101111111111101111
000000111101111111101111111111110111
000000111101111111101111111111111011
000000111101111111101111111111111110
000000111101111111110011111111111111
000000111101111111110110111111111111
000000111101111111110111011111111111
000000111101111111110111101111111111
000000111101111111110111110111111111
000000111101111111110111111011111111
000000111101111111110111111101111111
000000111101111111110111111110111111
000000111101111111110111111111011111
000000111101111111110111111111101111
000000111101111111110111111111110111
000000111101111111110111111111111011
000000111101111111110111111111111101
000000111101111111111010111111111111
000000111101111111111011011111111111
000000111101111111111011110111111111
000000111101111111111011111011111111
000000111101111111111011111101111111
000000111101111111111011111110111111
000000111101111111111011111111110111
000000111101111111111011111111111011
000000111101111111111011111111111101
000000111101111111111100111111111111
000000111101111111111101101111111111
000000111101111111111101110111111111
000000111101111111111101111011111111
000000111101111111111101111101111111
000000111101111111111101111111011111
000000111101111111111101111111101111
000000111101111111111101111111111101
000000111101111111111110101111111111
000000111101111111111110110111111111
000000111101111111111110111011111111
000000111101111111111110111101111111
000000111101111111111110111110111111
000000111101111111111110111111011111
000000111101111111111110111111101111
000000111101111111111110111111110111
000000111101111111111110111111111011
000000111101111111111110111111111101
000000111101111111111110111111111110
000000111101111111111111010111111111
000000111101111111111111011011111111
000000111101111111111111011101111111
000000111101111111111111011110111111
000000111101111111111111011111011111
000000111101111111111111011111101111
000000111101111111111111011111111011
000000111101111111111111011111111101
000000111101111111111111100111111111
000000111101111111111111101110111111
000000111101111111111111101111011111
000000111101111111111111101111101111
000000111101111111111111101111110111
000000111101111111111111101111111011
000000111101111111111111101111111110
000000111101111111111111110101111111
000000111101111111111111110110111111
000000111101111111111111110111011111
000000111101111111111111110111111011
000000111101111111111111110111111110
000000111101111111111111111010111111
000000111101111111111111111011011111
000000111101111111111111111011101111
000000111101111111111111111011110111
000000111101111111111111111011111011
000000111101111111111111111011111110
000000111101111111111111111100111111
000000111101111111111111111101011111
000000111101111111111111111101101111
000000111101111111111111111101110111
000000111101111111111111111101111011
000000111101111111111111111101111101
000000111101111111111111111101111110
000000111101111111111111111110011111
000000111101111111111111111110101111
000000111101111111111111111110110111
000000111101111111111111111110111101
000000111101111111111111111110111110
000000111101111111111111111111001111
000000111101111111111111111111010111
000000111101111111111111111111011011
000000111101111111111111111111011110
000000111101111111111111111111101110
000000111101111111111111111111110011
000000111101111111111111111111111010
000000111101111111111111111111111100
000000111110001111111111111111111111
000000111110011111011111111111111111
000000111110011111110111111111111111
000000111110011111111101111111111111
000000111110011111111111101111111111
000000111110011111111111110111111111
000000111110011111111111111110111111
000000111110011111111111111111011111
000000111110011111111111111111101111
000000111110011111111111111111111011
000000111110011111111111111111111110
000000111110100111111111111111111111
000000111110101101111111111111111111
000000111110101111101111111111111111
000000111110101111111011111111111111
000000111110101111111101111111111111
000000111110101111111110111111111111
000000111110101111111111011111111111
000000111110101111111111101111111111
000000111110101111111111111011111111
000000111110101111111111111101111111
000000111110101111111111111110111111
000000111110101111111111111111011111
000000111110101111111111111111101111
000000111110101111111111111111110111
000000111110101111111111111111111011
000000111110101111111111111111111101
000000111110101111111111111111111110
000000111110110011111111111111111111
000000111110110101111111111111111111
000000111110110110111111111111111111
000000111110110111101111111111111111
000000111110110111111011111111111111
000000111110110111111110111111111111
000000111110110111111111011111111111
000000111110110111111111101111111111
000000111110110111111111110111111111
000000111110110111111111111011111111
000000111110110111111111111101111111
000000111110110111111111111111011111
000000111110110111111111111111101111
000000111110110111111111111111111011
000000111110110111111111111111111101
000000111110111001111111111111111111
000000111110111010111111111111111111
000000111110111011011111111111111111
000000111110111011101111111111111111
000000111110111011111101111111111111
000000111110111011111110111111111111
000000111110111011111111011111111111
000000111110111011111111101111111111
000000111110111011111111110111111111
000000111110111011111111111011111111
000000111110111011111111111101111111
000000111110111011111111111110111111
000000111110111011111111111111011111
000000111110111011111111111111111101
000000111110111100111111111111111111
000000111110111101101111111111111111
000000111110111101110111111111111111
000000111110111101111011111111111111
000000111110111101111101111111111111
000000111110111101111110111111111111
000000111110111101111111101111111111
000000111110111101111111110111111111
000000111110111101111111111011111111
000000111110111101111111111101111111
000000111110111101111111111110111111
000000111110111101111111111111011111
000000111110111101111111111111101111
000000111110111101111111111111111011
000000111110111101111111111111111110
000000111110111110011111111111111111
000000111110111110101111111111111111
000000111110111110110111111111111111
000000111110111110111011111111111111
000000111110111110111101111111111111
000000111110111110111110111111111111
000000111110111110111111011111111111
000000111110111110111111101111111111
000000111110111110111111110111111111
000000111110111110111111111101111111
000000111110111110111111111110111111
000000111110111110111111111111011111
000000111110111110111111111111101111
000000111110111110111111111111110111
000000111110111110111111111111111011
000000111110111110111111111111111101
000000111110111110111111111111111110
000000111110111111001111111111111111
000000111110111111011011111111111111
000000111110111111011101111111111111
000000111110111111011110111111111111
000000111110111111011111011111111111
000000111110111111011111101111111111
000000111110111111011111110111111111
000000111110111111011111111011111111
000000111110111111011111111101111111
000000111110111111011111111110111111
000000111110111111011111111111101111
000000111110111111011111111111110111
000000111110111111011111111111111110
000000111110111111100111111111111111
000000111110111111101011111111111111
000000111110111111101101111111111111
000000111110111111101110111111111111
000000111110111111101111011111111111
000000111110111111101111101111111111
000000111110111111101111110111111111
000000111110111111101111111101111111
000000111110111111101111111111011111
000000111110111111101111111111101111
000000111110111111101111111111111011
000000111110111111101111111111111101
000000111110111111101111111111111110
000000111110111111110011111111111111
000000111110111111110110111111111111
000000111110111111110111011111111111
000000111110111111110111110111111111
000000111110111111110111111110111111
000000111110111111110111111111111011
000000111110111111110111111111111101
000000111110111111110111111111111110
000000111110111111111001111111111111
000000111110111111111010111111111111
000000111110111111111011011111111111
000000111110111111111011111011111111
000000111110111111111011111110111111
000000111110111111111011111111101111
000000111110111111111011111111110111
000000111110111111111011111111111011
000000111110111111111011111111111101
000000111110111111111100111111111111
000000111110111111111101101111111111
000000111110111111111101110111111111
000000111110111111111101111101111111
000000111110111111111101111111011111
000000111110111111111101111111101111
000000111110111111111101111111111011
000000111110111111111101111111111101
000000111110111111111110011111111111
000000111110111111111110101111111111
000000111110111111111110111011111111
000000111110111111111110111110111111
000000111110111111111110111111011111
000000111110111111111110111111101111
000000111110111111111110111111110111
000000111110111111111110111111111011
000000111110111111111110111111111110
000000111110111111111111001111111111
000000111110111111111111010111111111
000000111110111111111111011101111111
000000111110111111111111011111011111
000000111110111111111111011111101111
000000111110111111111111011111110111
000000111110111111111111011111111011
000000111110111111111111011111111110
000000111110111111111111101011111111
000000111110111111111111101101111111
000000111110111111111111101110111111
000000111110111111111111101111011111
000000111110111111111111101111101111
000000111110111111111111101111110111
000000111110111111111111101111111101
000000111110111111111111101111111110
000000111110111111111111110011111111
000000111110111111111111110110111111
000000111110111111111111110111011111
000000111110111111111111110111110111
000000111110111111111111110111111011
000000111110111111111111110111111101
000000111110111111111111110111111110
000000111110111111111111111010111111
000000111110111111111111111011101111
000000111110111111111111111011110111
000000111110111111111111111011111011
000000111110111111111111111011111110
000000111110111111111111111100111111
000000111110111111111111111101101111
000000111110111111111111111101111011
000000111110111111111111111101111101
000000111110111111111111111101111110
000000111110111111111111111110011111
000000111110111111111111111110110111
000000111110111111111111111110111011
000000111110111111111111111110111101
000000111110111111111111111110111110
000000111110111111111111111111001111
000000111110111111111111111111011011
000000111110111111111111111111011101
000000111110111111111111111111011110
000000111110111111111111111111100111
000000111110111111111111111111101011
000000111110111111111111111111101101
000000111110111111111111111111101110
000000111110111111111111111111110011
000000111110111111111111111111110101
000000111110111111111111111111110110
000000111110111111111111111111111001
000000111110111111111111111111111010
000000111110111111111111111111111100
000000111111001011111111111111111111
000000111111001110111111111111111111
000000111111001111011111111111111111
000000111111001111101111111111111111
000000111111001111110111111111111111
000000111111001111111011111111111111
000000111111001111111101111111111111
000000111111001111111110111111111111
000000111111001111111111101111111111
000000111111001111111111111011111111
000000111111001111111111111110111111
000000111111001111111111111111011111
000000111111001111111111111111101111
000000111111001111111111111111110111
000000111111001111111111111111111011
000000111111001111111111111111111101
000000111111001111111111111111111110
000000111111010110111111111111111111
000000111111010111011111111111111111
000000111111010111101111111111111111
000000111111010111111011111111111111
000000111111010111111101111111111111
000000111111010111111110111111111111
000000111111010111111111011111111111
000000111111010111111111110111111111
000000111111010111111111111011111111
000000111111010111111111111110111111
000000111111010111111111111111101111
000000111111010111111111111111110111
000000111111010111111111111111111011
000000111111010111111111111111111110
000000111111011001111111111111111111
000000111111011010111111111111111111
000000111111011011011111111111111111
000000111111011011101111111111111111
000000111111011011110111111111111111
000000111111011011111011111111111111
000000111111011011111110111111111111
000000111111011011111111101111111111
000000111111011011111111110111111111
000000111111011011111111111011111111
000000111111011011111111111101111111
000000111111011011111111111111101111
000000111111011011111111111111111011
000000111111011011111111111111111101
000000111111011011111111111111111110
000000111111011101011111111111111111
000000111111011101110111111111111111
000000111111011101111011111111111111
000000111111011101111110111111111111
000000111111011101111111011111111111
000000111111011101111111101111111111
000000111111011101111111110111111111
000000111111011101111111111011111111
000000111111011101111111111101111111
000000111111011101111111111110111111
000000111111011101111111111111011111
000000111111011101111111111111101111
000000111111011110011111111111111111
000000111111011110101111111111111111
000000111111011110111011111111111111
000000111111011110111110111111111111
000000111111011110111111011111111111
000000111111011110111111110111111111
000000111111011110111111111111011111
000000111111011110111111111111110111
000000111111011110111111111111111011
000000111111011110111111111111111110
000000111111011111001111111111111111
000000111111011111010111111111111111
000000111111011111011110111111111111
000000111111011111011111011111111111
000000111111011111011111110111111111
000000111111011111011111111011111111
000000111111011111011111111101111111
000000111111011111011111111110111111
000000111111011111011111111111011111
000000111111011111011111111111101111
000000111111011111011111111111111101
000000111111011111100111111111111111
000000111111011111101111011111111111
000000111111011111101111101111111111
000000111111011111101111110111111111
000000111111011111101111111011111111
000000111111011111101111111101111111
000000111111011111101111111110111111
000000111111011111101111111111101111
000000111111011111101111111111110111
000000111111011111101111111111111011
000000111111011111101111111111111101
000000111111011111101111111111111110
000000111111011111110011111111111111
000000111111011111110101111111111111
000000111111011111110110111111111111
000000111111011111110111011111111111
000000111111011111110111101111111111
000000111111011111110111110111111111
000000111111011111110111111011111111
000000111111011111110111111101111111
000000111111011111110111111110111111
000000111111011111110111111111111011
000000111111011111110111111111111101
000000111111011111110111111111111110
000000111111011111111001111111111111
000000111111011111111011101111111111
000000111111011111111011110111111111
000000111111011111111011111011111111
000000111111011111111011111101111111
000000111111011111111011111110111111
000000111111011111111011111111011111
000000111111011111111011111111101111
000000111111011111111011111111110111
000000111111011111111011111111111011
000000111111011111111011111111111101
000000111111011111111101011111111111
000000111111011111111101111011111111
000000111111011111111101111101111111
000000111111011111111101111110111111
000000111111011111111101111111011111
000000111111011111111101111111101111
000000111111011111111101111111110111
000000111111011111111101111111111011
000000111111011111111101111111111101
000000111111011111111101111111111110
000000111111011111111110110111111111
000000111111011111111110111011111111
000000111111011111111110111101111111
000000111111011111111110111111011111
000000111111011111111110111111110111
000000111111011111111110111111111011
000000111111011111111110111111111110
000000111111011111111111001111111111
000000111111011111111111011011111111
000000111111011111111111011110111111
000000111111011111111111011111110111
000000111111011111111111011111111101
000000111111011111111111011111111110
000000111111011111111111100111111111
000000111111011111111111101011111111
000000111111011111111111101101111111
000000111111011111111111101111110111
000000111111011111111111101111111011
000000111111011111111111101111111101
000000111111011111111111101111111110
000000111111011111111111110011111111
000000111111011111111111110101111111
000000111111011111111111110110111111
000000111111011111111111110111101111
000000111111011111111111110111110111
000000111111011111111111110111111011
000000111111011111111111110111111110
000000111111011111111111111001111111
000000111111011111111111111011011111
000000111111011111111111111011101111
000000111111011111111111111011111011
000000111111011111111111111011111110
000000111111011111111111111100111111
000000111111011111111111111101011111
000000111111011111111111111101101111
000000111111011111111111111101110111
000000111111011111111111111101111011
000000111111011111111111111101111101
000000111111011111111111111101111110
000000111111011111111111111110011111
000000111111011111111111111110101111
000000111111011111111111111110110111
000000111111011111111111111111001111
000000111111011111111111111111010111
000000111111011111111111111111011110
000000111111011111111111111111101011
000000111111011111111111111111101101
000000111111011111111111111111101110
000000111111011111111111111111110011
000000111111011111111111111111110101
000000111111011111111111111111110110
000000111111011111111111111111111001
000000111111011111111111111111111010
000000111111011111111111111111111100
000000111111100011111111111111111111
000000111111100101111111111111111111
000000111111100110111111111111111111
000000111111100111011111111111111111
000000111111100111101111111111111111
000000111111100111110111111111111111
000000111111100111111011111111111111
000000111111100111111101111111111111
000000111111100111111110111111111111
000000111111100111111111011111111111
000000111111100111111111111011111111
000000111111100111111111111101111111
000000111111100111111111111111011111
000000111111100111111111111111101111
000000111111100111111111111111110111
000000111111100111111111111111111011
000000111111100111111111111111111101
000000111111100111111111111111111110
000000111111101010111111111111111111
000000111111101011011111111111111111
000000111111101011101111111111111111
000000111111101011110111111111111111
000000111111101011111011111111111111
000000111111101011111101111111111111
000000111111101011111111011111111111
000000111111101011111111101111111111
000000111111101011111111110111111111
000000111111101011111111111011111111
000000111111101011111111111101111111
000000111111101011111111111111011111
000000111111101011111111111111110111
000000111111101011111111111111111011
000000111111101011111111111111111101
000000111111101100111111111111111111
000000111111101101101111111111111111
000000111111101101110111111111111111
000000111111101101111011111111111111
000000111111101101111101111111111111
000000111111101101111111011111111111
000000111111101101111111101111111111
000000111111101101111111111011111111
000000111111101101111111111101111111
000000111111101101111111111111011111
000000111111101101111111111111101111
000000111111101101111111111111111011
000000111111101101111111111111111101
000000111111101101111111111111111110
000000111111101110011111111111111111
000000111111101110101111111111111111
000000111111101110110111111111111111
000000111111101110111011111111111111
000000111111101110111110111111111111
000000111111101110111111011111111111
000000111111101110111111110111111111
000000111111101110111111111011111111
000000111111101110111111111101111111
000000111111101110111111111111011111
000000111111101110111111111111101111
000000111111101110111111111111110111
000000111111101110111111111111111101
000000111111101110111111111111111110
000000111111101111001111111111111111
000000111111101111010111111111111111
000000111111101111011011111111111111
000000111111101111011101111111111111
000000111111101111011111110111111111
000000111111101111011111111111011111
000000111111101111011111111111101111
000000111111101111011111111111110111
000000111111101111011111111111111011
000000111111101111011111111111111101
000000111111101111100111111111111111
000000111111101111101101111111111111
000000111111101111101111011111111111
000000111111101111101111101111111111
000000111111101111101111110111111111
000000111111101111101111111101111111
000000111111101111101111111110111111
000000111111101111101111111111011111
000000111111101111101111111111101111
000000111111101111101111111111110111
000000111111101111101111111111111011
000000111111101111101111111111111110
000000111111101111110011111111111111
000000111111101111110111011111111111
000000111111101111110111101111111111
000000111111101111110111110111111111
000000111111101111110111111011111111
000000111111101111110111111101111111
000000111111101111110111111110111111
000000111111101111110111111111101111
000000111111101111110111111111110111
000000111111101111110111111111111011
000000111111101111110111111111111101
000000111111101111110111111111111110
000000111111101111111001111111111111
000000111111101111111011011111111111
000000111111101111111011101111111111
000000111111101111111011110111111111
000000111111101111111011111011111111
000000111111101111111011111101111111
000000111111101111111011111110111111
000000111111101111111011111111110111
000000111111101111111011111111111011
000000111111101111111100111111111111
000000111111101111111101011111111111
000000111111101111111101101111111111
000000111111101111111101110111111111
000000111111101111111101111101111111
000000111111101111111101111110111111
000000111111101111111101111111011111
000000111111101111111101111111101111
000000111111101111111101111111110111
000000111111101111111101111111111011
000000111111101111111101111111111101
000000111111101111111101111111111110
000000111111101111111110101111111111
000000111111101111111110111011111111
000000111111101111111110111101111111
000000111111101111111110111110111111
000000111111101111111110111111101111
000000111111101111111110111111110111
000000111111101111111110111111111011
000000111111101111111110111111111110
000000111111101111111111001111111111
000000111111101111111111011101111111
000000111111101111111111011110111111
000000111111101111111111011111011111
000000111111101111111111011111110111
000000111111101111111111011111111110
000000111111101111111111100111111111
000000111111101111111111101101111111
000000111111101111111111101110111111
000000111111101111111111101111011111
000000111111101111111111101111101111
000000111111101111111111101111110111
000000111111101111111111101111111011
000000111111101111111111101111111101
000000111111101111111111101111111110
000000111111101111111111110011111111
000000111111101111111111110101111111
000000111111101111111111110110111111
000000111111101111111111110111011111
000000111111101111111111110111101111
000000111111101111111111110111110111
000000111111101111111111110111111011
000000111111101111111111110111111101
000000111111101111111111110111111110
000000111111101111111111111001111111
000000111111101111111111111010111111
000000111111101111111111111011011111
000000111111101111111111111011101111
000000111111101111111111111011111011
000000111111101111111111111011111101
000000111111101111111111111011111110
000000111111101111111111111100111111
000000111111101111111111111101011111
000000111111101111111111111101110111
000000111111101111111111111101111011
000000111111101111111111111101111101
000000111111101111111111111110101111
000000111111101111111111111110111011
000000111111101111111111111110111101
000000111111101111111111111110111110
000000111111101111111111111111001111
000000111111101111111111111111010111
000000111111101111111111111111011011
000000111111101111111111111111011101
000000111111101111111111111111011110
000000111111101111111111111111100111
000000111111101111111111111111101101
000000111111101111111111111111101110
000000111111101111111111111111110101
000000111111101111111111111111111001
000000111111101111111111111111111010
000000111111101111111111111111111100
000000111111110001111111111111111111
000000111111110010111111111111111111
000000111111110011101111111111111111
000000111111110011110111111111111111
000000111111110011111011111111111111
000000111111110011111111011111111111
000000111111110011111111101111111111
000000111111110011111111111011111111
000000111111110011111111111110111111
000000111111110011111111111111011111
000000111111110011111111111111101111
000000111111110011111111111111111011
000000111111110011111111111111111101
000000111111110011111111111111111110
000000111111110100111111111111111111
000000111111110101011111111111111111
000000111111110101101111111111111111
000000111111110101110111111111111111
000000111111110101111011111111111111
000000111111110101111111011111111111
000000111111110101111111101111111111
000000111111110101111111110111111111
000000111111110101111111111011111111
000000111111110101111111111101111111
000000111111110101111111111110111111
000000111111110101111111111111011111
000000111111110101111111111111101111
000000111111110101111111111111110111
000000111111110101111111111111111101
000000111111110110011111111111111111
000000111111110110101111111111111111
000000111111110110110111111111111111
000000111111110110111101111111111111
000000111111110110111110111111111111
000000111111110110111111011111111111
000000111111110110111111101111111111
000000111111110110111111110111111111
000000111111110110111111111011111111
000000111111110110111111111101111111
000000111111110110111111111111011111
000000111111110110111111111111101111
000000111111110110111111111111111011
000000111111110110111111111111111101
000000111111110111001111111111111111
000000111111110111011011111111111111
000000111111110111011110111111111111
000000111111110111011111101111111111
000000111111110111011111110111111111
000000111111110111011111111011111111
000000111111110111011111111111011111
000000111111110111011111111111101111
000000111111110111011111111111110111
000000111111110111011111111111111011
000000111111110111011111111111111101
000000111111110111011111111111111110
000000111111110111100111111111111111
000000111111110111101011111111111111
000000111111110111101101111111111111
000000111111110111101110111111111111
000000111111110111101111011111111111
000000111111110111101111101111111111
000000111111110111101111111011111111
000000111111110111101111111101111111
000000111111110111101111111110111111
000000111111110111101111111111011111
000000111111110111101111111111101111
000000111111110111101111111111110111
000000111111110111101111111111111110
000000111111110111110011111111111111
000000111111110111110111011111111111
000000111111110111110111110111111111
000000111111110111110111111101111111
000000111111110111110111111111101111
000000111111110111110111111111110111
000000111111110111110111111111111011
000000111111110111110111111111111101
000000111111110111110111111111111110
000000111111110111111001111111111111
000000111111110111111011011111111111
000000111111110111111011101111111111
000000111111110111111011110111111111
000000111111110111111011111011111111
000000111111110111111011111101111111
000000111111110111111011111110111111
000000111111110111111011111111011111
000000111111110111111011111111101111
000000111111110111111011111111111011
000000111111110111111011111111111101
000000111111110111111011111111111110
000000111111110111111100111111111111
000000111111110111111101011111111111
000000111111110111111101101111111111
000000111111110111111101111011111111
000000111111110111111101111101111111
000000111111110111111101111110111111
000000111111110111111101111111011111
000000111111110111111101111111111101
000000111111110111111101111111111110
000000111111110111111110011111111111
000000111111110111111110101111111111
000000111111110111111110111011111111
000000111111110111111110111101111111
000000111111110111111110111111011111
000000111111110111111110111111110111
000000111111110111111110111111111011
000000111111110111111110111111111101
000000111111110111111110111111111110
000000111111110111111111001111111111
000000111111110111111111010111111111
000000111111110111111111011011111111
000000111111110111111111011110111111
000000111111110111111111011111011111
000000111111110111111111011111101111
000000111111110111111111011111110111
000000111111110111111111011111111011
000000111111110111111111011111111101
000000111111110111111111100111111111
000000111111110111111111101111011111
000000111111110111111111101111101111
000000111111110111111111101111110111
000000111111110111111111110101111111
000000111111110111111111110111011111
000000111111110111111111110111101111
000000111111110111111111110111110111
000000111111110111111111110111111011
000000111111110111111111110111111110
000000111111110111111111111011011111
000000111111110111111111111011101111
000000111111110111111111111011110111
000000111111110111111111111011111011
000000111111110111111111111011111101
000000111111110111111111111011111110
000000111111110111111111111100111111
000000111111110111111111111101011111
000000111111110111111111111101101111
000000111111110111111111111101110111
000000111111110111111111111101111110
000000111111110111111111111110011111
000000111111110111111111111110101111
000000111111110111111111111110110111
000000111111110111111111111110111011
000000111111110111111111111110111101
000000111111110111111111111110111110
000000111111110111111111111111001111
000000111111110111111111111111010111
000000111111110111111111111111011110
000000111111110111111111111111100111
000000111111110111111111111111101011
000000111111110111111111111111101101
000000111111110111111111111111101110
000000111111110111111111111111110011
000000111111110111111111111111110110
000000111111110111111111111111111001
000000111111110111111111111111111010
000000111111110111111111111111111100
000000111111111001011111111111111111
000000111111111001101111111111111111
000000111111111001110111111111111111
000000111111111001111101111111111111
000000111111111001111110111111111111
000000111111111001111111101111111111
000000111111111001111111110111111111
000000111111111001111111111110111111
000000111111111001111111111111011111
000000111111111001111111111111101111
000000111111111001111111111111111011
000000111111111001111111111111111101
000000111111111001111111111111111110
000000111111111010011111111111111111
000000111111111010101111111111111111
000000111111111010111011111111111111
000000111111111010111110111111111111
000000111111111010111111111101111111
000000111111111010111111111111101111
000000111111111010111111111111110111
000000111111111010111111111111111011
000000111111111010111111111111111101
000000111111111011001111111111111111
000000111111111011010111111111111111
000000111111111011011011111111111111
000000111111111011011101111111111111
000000111111111011011110111111111111
000000111111111011011111011111111111
000000111111111011011111101111111111
000000111111111011011111110111111111
000000111111111011011111111011111111
000000111111111011011111111110111111
000000111111111011011111111111011111
000000111111111011011111111111110111
000000111111111011011111111111111011
000000111111111011011111111111111101
000000111111111011011111111111111110
000000111111111011101011111111111111
000000111111111011101101111111111111
000000111111111011101110111111111111
000000111111111011101111101111111111
000000111111111011101111111011111111
000000111111111011101111111101111111
000000111111111011101111111111101111
000000111111111011101111111111110111
000000111111111011101111111111111011
000000111111111011101111111111111110
000000111111111011110011111111111111
000000111111111011110110111111111111
000000111111111011110111101111111111
000000111111111011110111110111111111
000000111111111011110111111011111111
000000111111111011110111111101111111
000000111111111011110111111110111111
000000111111111011110111111111011111
000000111111111011110111111111101111
000000111111111011110111111111110111
000000111111111011110111111111111011
000000111111111011110111111111111110
000000111111111011111010111111111111
000000111111111011111011011111111111
000000111111111011111011110111111111
000000111111111011111011111011111111
000000111111111011111011111110111111
000000111111111011111011111111101111
000000111111111011111011111111111101
000000111111111011111100111111111111
000000111111111011111101011111111111
000000111111111011111101101111111111
000000111111111011111101110111111111
000000111111111011111101111011111111
000000111111111011111101111101111111
000000111111111011111101111111011111
000000111111111011111101111111110111
000000111111111011111101111111111011
000000111111111011111101111111111101
000000111111111011111101111111111110
000000111111111011111110011111111111
000000111111111011111110111011111111
000000111111111011111110111110111111
000000111111111011111110111111011111
000000111111111011111110111111101111
000000111111111011111110111111110111
000000111111111011111110111111111011
000000111111111011111110111111111101
000000111111111011111111001111111111
000000111111111011111111010111111111
000000111111111011111111011011111111
000000111111111011111111011101111111
000000111111111011111111011110111111
000000111111111011111111011111101111
000000111111111011111111011111110111
000000111111111011111111011111111011
000000111111111011111111011111111101
000000111111111011111111011111111110
000000111111111011111111101011111111
000000111111111011111111101101111111
000000111111111011111111101110111111
000000111111111011111111101111101111
000000111111111011111111101111110111
000000111111111011111111101111111011
000000111111111011111111101111111101
000000111111111011111111101111111110
000000111111111011111111110011111111
000000111111111011111111110110111111
000000111111111011111111110111011111
000000111111111011111111110111101111
000000111111111011111111110111110111
000000111111111011111111110111111011
000000111111111011111111110111111101
000000111111111011111111111011011111
000000111111111011111111111011101111
000000111111111011111111111011110111
000000111111111011111111111011111011
000000111111111011111111111011111101
000000111111111011111111111011111110
000000111111111011111111111100111111
000000111111111011111111111101011111
000000111111111011111111111101101111
000000111111111011111111111101111101
000000111111111011111111111101111110
000000111111111011111111111110011111
000000111111111011111111111110101111
000000111111111011111111111110110111
000000111111111011111111111110111011
000000111111111011111111111110111101
000000111111111011111111111110111110
000000111111111011111111111111001111
000000111111111011111111111111010111
000000111111111011111111111111101011
000000111111111011111111111111101101
000000111111111011111111111111110011
000000111111111011111111111111110101
000000111111111011111111111111111001
000000111111111011111111111111111010
000000111111111011111111111111111100
000000111111111100011111111111111111
000000111111111100110111111111111111
000000111111111100111011111111111111
000000111111111100111101111111111111
000000111111111100111110111111111111
000000111111111100111111011111111111
000000111111111100111111110111111111
000000111111111100111111111011111111
000000111111111100111111111101111111
000000111111111100111111111111011111
000000111111111100111111111111101111
000000111111111100111111111111110111
000000111111111100111111111111111011
000000111111111101001111111111111111
000000111111111101011011111111111111
000000111111111101011110111111111111
000000111111111101011111011111111111
000000111111111101011111101111111111
000000111111111101011111110111111111
000000111111111101011111111011111111
000000111111111101011111111101111111
000000111111111101011111111111011111
000000111111111101011111111111110111
000000111111111101011111111111111011
000000111111111101011111111111111110
000000111111111101100111111111111111
000000111111111101101011111111111111
000000111111111101101110111111111111
000000111111111101101111011111111111
000000111111111101101111101111111111
000000111111111101101111111011111111
000000111111111101101111111110111111
000000111111111101101111111111101111
000000111111111101110011111111111111
000000111111111101110101111111111111
000000111111111101110111011111111111
000000111111111101110111111011111111
000000111111111101110111111111011111
000000111111111101110111111111101111
000000111111111101110111111111110111
000000111111111101110111111111111011
000000111111111101110111111111111101
000000111111111101111001111111111111
000000111111111101111011011111111111
000000111111111101111011101111111111
000000111111111101111011110111111111
000000111111111101111011111111011111
000000111111111101111011111111111011
000000111111111101111011111111111110
000000111111111101111100111111111111
000000111111111101111101011111111111
000000111111111101111101110111111111
000000111111111101111101111011111111
000000111111111101111101111101111111
000000111111111101111101111111011111
000000111111111101111101111111101111
000000111111111101111101111111110111
000000111111111101111101111111111011
000000111111111101111101111111111101
000000111111111101111110011111111111
000000111111111101111110101111111111
000000111111111101111110110111111111
000000111111111101111110111110111111
000000111111111101111110111111011111
000000111111111101111110111111101111
000000111111111101111110111111110111
000000111111111101111110111111111101
000000111111111101111110111111111110
000000111111111101111111001111111111
000000111111111101111111011101111111
000000111111111101111111011110111111
000000111111111101111111011111011111
000000111111111101111111011111101111
000000111111111101111111011111110111
000000111111111101111111011111111101
000000111111111101111111011111111110
000000111111111101111111100111111111
000000111111111101111111101101111111
000000111111111101111111101111011111
000000111111111101111111101111111011
000000111111111101111111101111111101
000000111111111101111111110101111111
000000111111111101111111110110111111
000000111111111101111111110111011111
000000111111111101111111110111101111
000000111111111101111111110111110111
000000111111111101111111110111111011
000000111111111101111111110111111101
000000111111111101111111111001111111
000000111111111101111111111010111111
000000111111111101111111111011110111
000000111111111101111111111011111011
000000111111111101111111111011111101
000000111111111101111111111011111110
000000111111111101111111111100111111
000000111111111101111111111101011111
000000111111111101111111111101111011
000000111111111101111111111101111101
000000111111111101111111111101111110
000000111111111101111111111110011111
000000111111111101111111111110101111
000000111111111101111111111110110111
000000111111111101111111111110111011
000000111111111101111111111110111101
000000111111111101111111111110111110
000000111111111101111111111111001111
000000111111111101111111111111011011
000000111111111101111111111111011101
000000111111111101111111111111100111
000000111111111101111111111111101011
000000111111111101111111111111101101
000000111111111101111111111111101110
000000111111111101111111111111110011
000000111111111101111111111111110110
000000111111111101111111111111111001
000000111111111101111111111111111010
000000111111111110001111111111111111
000000111111111110011011111111111111
000000111111111110011101111111111111
000000111111111110011110111111111111
000000111111111110011111011111111111
000000111111111110011111101111111111
000000111111111110011111110111111111
000000111111111110011111111011111111
000000111111111110011111111111011111
000000111111111110011111111111101111
000000111111111110011111111111110111
000000111111111110011111111111111011
000000111111111110011111111111111110
000000111111111110101011111111111111
000000111111111110101101111111111111
000000111111111110101111011111111111
000000111111111110101111101111111111
000000111111111110101111110111111111
000000111111111110101111111101111111
000000111111111110101111111110111111
000000111111111110101111111111011111
000000111111111110101111111111101111
000000111111111110101111111111110111
000000111111111110101111111111111011
000000111111111110101111111111111101
000000111111111110101111111111111110
000000111111111110110011111111111111
000000111111111110110101111111111111
000000111111111110110110111111111111
000000111111111110110111101111111111
000000111111111110110111110111111111
000000111111111110110111111101111111
000000111111111110110111111110111111
000000111111111110110111111111101111
000000111111111110110111111111110111
000000111111111110110111111111111011
000000111111111110111001111111111111
000000111111111110111011101111111111
000000111111111110111011110111111111
000000111111111110111011111011111111
000000111111111110111011111101111111
000000111111111110111011111110111111
000000111111111110111011111111011111
000000111111111110111011111111101111
000000111111111110111011111111110111
000000111111111110111011111111111101
000000111111111110111011111111111110
000000111111111110111100111111111111
000000111111111110111101011111111111
000000111111111110111101101111111111
000000111111111110111101110111111111
000000111111111110111101111110111111
000000111111111110111101111111011111
000000111111111110111101111111101111
000000111111111110111101111111110111
000000111111111110111101111111111011
000000111111111110111101111111111101
000000111111111110111101111111111110
000000111111111110111110101111111111
000000111111111110111110110111111111
000000111111111110111110111011111111
000000111111111110111110111111011111
000000111111111110111110111111110111
000000111111111110111110111111111101
000000111111111110111110111111111110
000000111111111110111111001111111111
000000111111111110111111010111111111
000000111111111110111111011111101111
000000111111111110111111011111111011
000000111111111110111111100111111111
000000111111111110111111101011111111
000000111111111110111111101101111111
000000111111111110111111101110111111
000000111111111110111111101111011111
000000111111111110111111101111101111
000000111111111110111111101111110111
000000111111111110111111101111111011
000000111111111110111111101111111101
000000111111111110111111110011111111
000000111111111110111111110110111111
000000111111111110111111110111101111
000000111111111110111111110111110111
000000111111111110111111110111111011
000000111111111110111111110111111110
000000111111111110111111111001111111
000000111111111110111111111010111111
000000111111111110111111111011011111
000000111111111110111111111011110111
000000111111111110111111111011111011
000000111111111110111111111011111101
000000111111111110111111111011111110
000000111111111110111111111100111111
000000111111111110111111111101011111
000000111111111110111111111101101111
000000111111111110111111111101110111
000000111111111110111111111101111011
000000111111111110111111111101111101
000000111111111110111111111101111110
000000111111111110111111111110101111
000000111111111110111111111110110111
000000111111111110111111111110111110
000000111111111110111111111111010111
000000111111111110111111111111011011
000000111111111110111111111111011110
000000111111111110111111111111100111
000000111111111110111111111111101011
000000111111111110111111111111101101
000000111111111110111111111111101110
000000111111111110111111111111110011
000000111111111110111111111111110101
000000111111111110111111111111111001
000000111111111110111111111111111100
000000111111111111000111111111111111
000000111111111111001011111111111111
000000111111111111001110111111111111
000000111111111111001111011111111111
000000111111111111001111101111111111
000000111111111111001111110111111111
000000111111111111001111111011111111
000000111111111111001111111101111111
000000111111111111001111111110111111
000000111111111111001111111111101111
000000111111111111001111111111111011
000000111111111111001111111111111101
000000111111111111001111111111111110
000000111111111111010011111111111111
000000111111111111010110111111111111
000000111111111111010111011111111111
000000111111111111010111101111111111
000000111111111111010111110111111111
000000111111111111010111111011111111
000000111111111111010111111101111111
000000111111111111010111111110111111
000000111111111111010111111111110111
000000111111111111010111111111111101
000000111111111111010111111111111110
000000111111111111011001111111111111
000000111111111111011010111111111111
000000111111111111011011101111111111
000000111111111111011011110111111111
000000111111111111011011111011111111
000000111111111111011011111111101111
000000111111111111011011111111110111
000000111111111111011011111111111011
000000111111111111011011111111111101
000000111111111111011011111111111110
000000111111111111011100111111111111
000000111111111111011101011111111111
000000111111111111011101101111111111
000000111111111111011101110111111111
000000111111111111011101111011111111
000000111111111111011101111110111111
000000111111111111011101111111011111
000000111111111111011101111111110111
000000111111111111011101111111111011
000000111111111111011101111111111110
000000111111111111011110011111111111
000000111111111111011110111101111111
000000111111111111011110111110111111
000000111111111111011110111111011111
000000111111111111011110111111101111
000000111111111111011110111111111011
000000111111111111011110111111111101
000000111111111111011110111111111110
000000111111111111011111001111111111
000000111111111111011111011110111111
000000111111111111011111011111101111
000000111111111111011111011111110111
000000111111111111011111011111111011
000000111111111111011111011111111110
000000111111111111011111100111111111
000000111111111111011111101011111111
000000111111111111011111101110111111
000000111111111111011111101111011111
000000111111111111011111101111110111
000000111111111111011111101111111011
000000111111111111011111101111111101
000000111111111111011111101111111110
000000111111111111011111110101111111
000000111111111111011111110110111111
000000111111111111011111110111101111
000000111111111111011111110111110111
000000111111111111011111110111111011
000000111111111111011111111001111111
000000111111111111011111111010111111
000000111111111111011111111011011111
000000111111111111011111111011111011
000000111111111111011111111100111111
000000111111111111011111111101111011
000000111111111111011111111101111110
000000111111111111011111111110011111
000000111111111111011111111110101111
000000111111111111011111111110110111
000000111111111111011111111110111011
000000111111111111011111111110111101
000000111111111111011111111111001111
000000111111111111011111111111010111
000000111111111111011111111111011011
000000111111111111011111111111011101
000000111111111111011111111111011110
000000111111111111011111111111100111
000000111111111111011111111111101011
000000111111111111011111111111101110
000000111111111111011111111111110011
000000111111111111011111111111110110
000000111111111111011111111111111001
000000111111111111011111111111111010
000000111111111111011111111111111100
000000111111111111100011111111111111
000000111111111111100110111111111111
000000111111111111100111011111111111
000000111111111111100111101111111111
000000111111111111100111110111111111
000000111111111111100111111011111111
000000111111111111100111111110111111
000000111111111111100111111111011111
000000111111111111100111111111101111
000000111111111111100111111111110111
000000111111111111100111111111111011
000000111111111111100111111111111101
000000111111111111101001111111111111
000000111111111111101011011111111111
000000111111111111101011101111111111
000000111111111111101011110111111111
000000111111111111101011111011111111
000000111111111111101011111111101111
000000111111111111101011111111110111
000000111111111111101011111111111101
000000111111111111101011111111111110
000000111111111111101100111111111111
000000111111111111101101011111111111
000000111111111111101101101111111111
000000111111111111101101110111111111
000000111111111111101101111011111111
000000111111111111101101111101111111
000000111111111111101101111110111111
000000111111111111101101111111011111
000000111111111111101101111111101111
000000111111111111101101111111110111
000000111111111111101101111111111101
000000111111111111101101111111111110
000000111111111111101110110111111111
000000111111111111101110111011111111
000000111111111111101110111101111111
000000111111111111101110111111011111
000000111111111111101110111111101111
000000111111111111101110111111111011
000000111111111111101110111111111101
000000111111111111101110111111111110
000000111111111111101111001111111111
000000111111111111101111011011111111
000000111111111111101111011110111111
000000111111111111101111011111011111
000000111111111111101111011111101111
000000111111111111101111011111110111
000000111111111111101111011111111011
000000111111111111101111011111111101
000000111111111111101111100111111111
000000111111111111101111101011111111
000000111111111111101111101101111111
000000111111111111101111101110111111
000000111111111111101111101111101111
000000111111111111101111101111110111
000000111111111111101111101111111011
000000111111111111101111101111111101
000000111111111111101111110101111111
000000111111111111101111110110111111
000000111111111111101111110111011111
000000111111111111101111110111101111
000000111111111111101111110111110111
000000111111111111101111110111111101
000000111111111111101111111011011111
000000111111111111101111111011111011
000000111111111111101111111011111101
000000111111111111101111111100111111
000000111111111111101111111101111011
000000111111111111101111111110011111
000000111111111111101111111110110111
000000111111111111101111111110111011
000000111111111111101111111110111101
000000111111111111101111111111001111
000000111111111111101111111111010111
000000111111111111101111111111011101
000000111111111111101111111111100111
000000111111111111101111111111101011
000000111111111111101111111111101101
000000111111111111101111111111101110
000000111111111111101111111111110110
000000111111111111101111111111111010
000000111111111111101111111111111100
000000111111111111110001111111111111
000000111111111111110010111111111111
000000111111111111110011011111111111
000000111111111111110011110111111111
000000111111111111110011111011111111
000000111111111111110011111110111111
000000111111111111110011111111011111
000000111111111111110011111111110111
000000111111111111110011111111111011
000000111111111111110011111111111110
000000111111111111110100111111111111
000000111111111111110101011111111111
000000111111111111110101101111111111
000000111111111111110101111011111111
000000111111111111110101111110111111
000000111111111111110101111111011111
000000111111111111110101111111110111
000000111111111111110101111111111101
000000111111111111110101111111111110
000000111111111111110110011111111111
000000111111111111110110101111111111
000000111111111111110110110111111111
000000111111111111110110111011111111
000000111111111111110110111110111111
000000111111111111110110111111011111
000000111111111111110110111111101111
000000111111111111110110111111110111
000000111111111111110110111111111011
000000111111111111110110111111111101
000000111111111111110110111111111110
000000111111111111110111010111111111
000000111111111111110111011011111111
000000111111111111110111011101111111
000000111111111111110111011110111111
000000111111111111110111011111011111
000000111111111111110111011111101111
000000111111111111110111011111111011
000000111111111111110111011111111101
000000111111111111110111011111111110
000000111111111111110111100111111111
000000111111111111110111101011111111
000000111111111111110111101101111111
000000111111111111110111101111011111
000000111111111111110111101111101111
000000111111111111110111101111110111
000000111111111111110111101111111011
000000111111111111110111101111111101
000000111111111111110111110011111111
000000111111111111110111110101111111
000000111111111111110111110111011111
000000111111111111110111110111101111
000000111111111111110111110111110111
000000111111111111110111110111111011
000000111111111111110111110111111101
000000111111111111110111111001111111
000000111111111111110111111011011111
000000111111111111110111111011110111
000000111111111111110111111011111101
000000111111111111110111111011111110
000000111111111111110111111100111111
000000111111111111110111111101011111
000000111111111111110111111101101111
000000111111111111110111111101110111
000000111111111111110111111110011111
000000111111111111110111111110101111
000000111111111111110111111110110111
000000111111111111110111111110111011
000000111111111111110111111110111110
000000111111111111110111111111001111
000000111111111111110111111111010111
000000111111111111110111111111011011
000000111111111111110111111111011101
000000111111111111110111111111100111
000000111111111111110111111111101011
000000111111111111110111111111101110
000000111111111111110111111111110101
000000111111111111110111111111111001
000000111111111111110111111111111100
000000111111111111111000111111111111
000000111111111111111001101111111111
000000111111111111111001110111111111
000000111111111111111001111110111111
000000111111111111111001111111101111
000000111111111111111001111111111011
000000111111111111111001111111111101
000000111111111111111001111111111110
000000111111111111111010011111111111
000000111111111111111010101111111111
000000111111111111111010110111111111
000000111111111111111010111011111111
000000111111111111111010111101111111
000000111111111111111010111110111111
000000111111111111111010111111101111
000000111111111111111010111111111011
000000111111111111111010111111111101
000000111111111111111011001111111111
000000111111111111111011010111111111
000000111111111111111011011011111111
000000111111111111111011011101111111
000000111111111111111011011111101111
000000111111111111111011011111110111
000000111111111111111011011111111101
000000111111111111111011011111111110
000000111111111111111011101011111111
000000111111111111111011101111011111
000000111111111111111011101111101111
000000111111111111111011101111110111
000000111111111111111011101111111011
000000111111111111111011101111111101
000000111111111111111011110011111111
000000111111111111111011110101111111
000000111111111111111011110110111111
000000111111111111111011110111011111
000000111111111111111011110111101111
000000111111111111111011110111110111
000000111111111111111011110111111011
000000111111111111111011110111111110
000000111111111111111011111010111111
000000111111111111111011111011011111
000000111111111111111011111011111101
000000111111111111111011111011111110
000000111111111111111011111100111111
000000111111111111111011111101101111
000000111111111111111011111101110111
000000111111111111111011111101111101
000000111111111111111011111101111110
000000111111111111111011111110011111
000000111111111111111011111110101111
000000111111111111111011111110110111
000000111111111111111011111110111011
000000111111111111111011111110111110
000000111111111111111011111111001111
000000111111111111111011111111010111
000000111111111111111011111111011011
000000111111111111111011111111011101
000000111111111111111011111111011110
000000111111111111111011111111100111
000000111111111111111011111111101011
000000111111111111111011111111101101
000000111111111111111011111111101110
000000111111111111111011111111110101
000000111111111111111011111111110110
000000111111111111111011111111111001
000000111111111111111011111111111010
000000111111111111111011111111111100
000000111111111111111100011111111111
000000111111111111111100101111111111
000000111111111111111100110111111111
000000111111111111111100111111011111
000000111111111111111100111111101111
000000111111111111111100111111110111
000000111111111111111100111111111011
000000111111111111111100111111111101
000000111111111111111101001111111111
000000111111111111111101010111111111
000000111111111111111101011101111111
000000111111111111111101011110111111
000000111111111111111101011111011111
000000111111111111111101011111110111
000000111111111111111101011111111011
000000111111111111111101011111111101
000000111111111111111101100111111111
000000111111111111111101101011111111
000000111111111111111101101110111111
000000111111111111111101101111011111
000000111111111111111101101111110111
000000111111111111111101101111111101
000000111111111111111101101111111110
000000111111111111111101110110111111
000000111111111111111101110111101111
000000111111111111111101110111110111
000000111111111111111101110111111011
000000111111111111111101110111111101
000000111111111111111101110111111110
000000111111111111111101111010111111
000000111111111111111101111011011111
000000111111111111111101111011101111
000000111111111111111101111011110111
000000111111111111111101111011111101
000000111111111111111101111011111110
000000111111111111111101111100111111
000000111111111111111101111101011111
000000111111111111111101111101101111
000000111111111111111101111101110111
000000111111111111111101111101111011
000000111111111111111101111101111101
000000111111111111111101111101111110
000000111111111111111101111110011111
000000111111111111111101111110110111
000000111111111111111101111110111011
000000111111111111111101111110111101
000000111111111111111101111111001111
000000111111111111111101111111011011
000000111111111111111101111111011101
000000111111111111111101111111011110
000000111111111111111101111111100111
000000111111111111111101111111101101
000000111111111111111101111111101110
000000111111111111111101111111110101
000000111111111111111101111111111001
000000111111111111111101111111111010
000000111111111111111101111111111100
000000111111111111111110001111111111
000000111111111111111110010111111111
000000111111111111111110011111011111
000000111111111111111110011111110111
000000111111111111111110011111111011
000000111111111111111110011111111101
000000111111111111111110101011111111
000000111111111111111110101101111111
000000111111111111111110101110111111
000000111111111111111110101111110111
000000111111111111111110101111111011
000000111111111111111110101111111101
000000111111111111111110101111111110
000000111111111111111110110011111111
000000111111111111111110110101111111
000000111111111111111110110110111111
000000111111111111111110110111011111
000000111111111111111110110111101111
000000111111111111111110110111110111
000000111111111111111110110111111011
000000111111111111111110110111111101
000000111111111111111110110111111110
000000111111111111111110111001111111
000000111111111111111110111011011111
000000111111111111111110111011101111
000000111111111111111110111011110111
000000111111111111111110111011111011
000000111111111111111110111011111101
000000111111111111111110111011111110
000000111111111111111110111100111111
000000111111111111111110111101011111
000000111111111111111110111101101111
000000111111111111111110111101110111
000000111111111111111110111101111011
000000111111111111111110111101111101
000000111111111111111110111110011111
000000111111111111111110111110111101
000000111111111111111110111111001111
000000111111111111111110111111011011
000000111111111111111110111111011101
000000111111111111111110111111011110
000000111111111111111110111111101011
000000111111111111111110111111101110
000000111111111111111110111111110011
000000111111111111111110111111110101
000000111111111111111110111111110110
000000111111111111111110111111111001
000000111111111111111110111111111010
000000111111111111111110111111111100
000000111111111111111111001011111111
000000111111111111111111001101111111
000000111111111111111111001110111111
000000111111111111111111001111011111
000000111111111111111111001111110111
000000111111111111111111001111111011
000000111111111111111111001111111101
000000111111111111111111001111111110
000000111111111111111111010011111111
000000111111111111111111010101111111
000000111111111111111111010111011111
000000111111111111111111010111101111
000000111111111111111111010111111011
000000111111111111111111010111111101
000000111111111111111111010111111110
000000111111111111111111011001111111
000000111111111111111111011010111111
000000111111111111111111011011011111
000000111111111111111111011011110111
000000111111111111111111011011111011
000000111111111111111111011011111101
000000111111111111111111011011111110
000000111111111111111111011100111111
000000111111111111111111011101011111
000000111111111111111111011101101111
000000111111111111111111011101110111
000000111111111111111111011101111101
000000111111111111111111011110011111
000000111111111111111111011110110111
000000111111111111111111011110111011
000000111111111111111111011110111101
000000111111111111111111011110111110
000000111111111111111111011111001111
000000111111111111111111011111011011
000000111111111111111111011111011110
000000111111111111111111011111100111
000000111111111111111111011111101101
000000111111111111111111011111110011
000000111111111111111111011111110110
000000111111111111111111011111111001
000000111111111111111111011111111010
000000111111111111111111011111111100
000000111111111111111111100011111111
000000111111111111111111100110111111
000000111111111111111111100111101111
000000111111111111111111100111110111
000000111111111111111111100111111011
000000111111111111111111100111111110
000000111111111111111111101001111111
000000111111111111111111101010111111
000000111111111111111111101011011111
000000111111111111111111101011101111
000000111111111111111111101011110111
000000111111111111111111101011111101
000000111111111111111111101011111110
000000111111111111111111101100111111
000000111111111111111111101101011111
000000111111111111111111101101101111
000000111111111111111111101101110111
000000111111111111111111101101111011
000000111111111111111111101101111101
000000111111111111111111101101111110
000000111111111111111111101110011111
000000111111111111111111101110101111
000000111111111111111111101110110111
000000111111111111111111101110111011
000000111111111111111111101110111101
000000111111111111111111101110111110
000000111111111111111111101111001111
000000111111111111111111101111010111
000000111111111111111111101111011011
000000111111111111111111101111011101
000000111111111111111111101111101011
000000111111111111111111101111101101
000000111111111111111111101111110101
000000111111111111111111101111111001
000000111111111111111111101111111010
000000111111111111111111101111111100
000000111111111111111111110001111111
000000111111111111111111110011110111
000000111111111111111111110011111011
000000111111111111111111110011111101
000000111111111111111111110011111110
000000111111111111111111110100111111
000000111111111111111111110101011111
000000111111111111111111110101101111
000000111111111111111111110101111011
000000111111111111111111110101111101
000000111111111111111111110110011111
000000111111111111111111110110101111
000000111111111111111111110110111011
000000111111111111111111110110111101
000000111111111111111111110110111110
000000111111111111111111110111010111
000000111111111111111111110111011011
000000111111111111111111110111011101
000000111111111111111111110111011110
000000111111111111111111110111101011
000000111111111111111111110111101110
000000111111111111111111110111110101
000000111111111111111111110111110110
000000111111111111111111110111111001
000000111111111111111111110111111010
000000111111111111111111110111111100
000000111111111111111111111000111111
000000111111111111111111111001011111
000000111111111111111111111001101111
000000111111111111111111111001110111
000000111111111111111111111001111110
000000111111111111111111111010011111
000000111111111111111111111010110111
000000111111111111111111111010111011
000000111111111111111111111010111101
000000111111111111111111111011010111
000000111111111111111111111011011011
000000111111111111111111111011011101
000000111111111111111111111011011110
000000111111111111111111111011101011
000000111111111111111111111011101101
000000111111111111111111111011101110
000000111111111111111111111011110110
000000111111111111111111111011111001
000000111111111111111111111011111010
000000111111111111111111111100101111
000000111111111111111111111100110111
000000111111111111111111111100111011
000000111111111111111111111100111110
000000111111111111111111111101001111
000000111111111111111111111101010111
000000111111111111111111111101011011
000000111111111111111111111101011110
000000111111111111111111111101101011
000000111111111111111111111101101101
000000111111111111111111111101110011
000000111111111111111111111101110101
000000111111111111111111111101110110
000000111111111111111111111101111001
000000111111111111111111111101111010
000000111111111111111111111110010111
000000111111111111111111111110011011
000000111111111111111111111110011101
000000111111111111111111111110011110
000000111111111111111111111110100111
000000111111111111111111111110101011
000000111111111111111111111110110011
000000111111111111111111111110110101
000000111111111111111111111110110110
000000111111111111111111111110111001
000000111111111111111111111110111010
000000111111111111111111111110111100
000000111111111111111111111111000111
000000111111111111111111111111001011
000000111111111111111111111111001101
000000111111111111111111111111001110
000000111111111111111111111111010011
000000111111111111111111111111010110
000000111111111111111111111111011001
000000111111111111111111111111011100
000000111111111111111111111111100011
000000111111111111111111111111101001
000000111111111111111111111111101100
000000111111111111111111111111110001
000000111111111111111111111111110100
000000111111111111111111111111111000
000001000011111111111111111111111111
000001000101111111111111111111111111
000001000110111111111111111111111111
000001000111011111111111111111111111
000001000111101111111111111111111111
000001000111110111111111111111111111
000001000111111011111111111111111111
000001000111111101111111111111111111
000001000111111110111111111111111111
000001000111111111011111111111111111
000001000111111111101111111111111111
000001000111111111110111111111111111
000001000111111111111011111111111111
000001000111111111111101111111111111
000001000111111111111110111111111111
000001000111111111111111011111111111
000001000111111111111111101111111111
000001000111111111111111110111111111
000001000111111111111111111011111111
000001000111111111111111111101111111
000001000111111111111111111110111111
000001000111111111111111111111011111
000001000111111111111111111111101111
000001000111111111111111111111110111
000001000111111111111111111111111011
000001000111111111111111111111111101
000001000111111111111111111111111110
000001001001111111111111111111111111
000001001010111111111111111111111111
000001001011011111111111111111111111
000001001011101111111111111111111111
000001001011110111111111111111111111
000001001011111011111111111111111111
000001001011111101111111111111111111
000001001011111110111111111111111111
000001001011111111011111111111111111
000001001011111111101111111111111111
000001001011111111110111111111111111
000001001011111111111011111111111111
000001001011111111111101111111111111
000001001011111111111110111111111111
000001001011111111111111011111111111
000001001011111111111111101111111111
000001001011111111111111110111111111
000001001011111111111111111011111111
000001001011111111111111111101111111
000001001011111111111111111110111111
000001001011111111111111111111011111
000001001011111111111111111111101111
000001001011111111111111111111110111
000001001011111111111111111111111011
000001001011111111111111111111111101
000001001011111111111111111111111110
000001001100111111111111111111111111
000001001101011111111111111111111111
000001001101101111111111111111111111
000001001101110111111111111111111111
000001001101111011111111111111111111
000001001101111101111111111111111111
000001001101111110111111111111111111
000001001101111111011111111111111111
000001001101111111101111111111111111
000001001101111111110111111111111111
000001001101111111111011111111111111
000001001101111111111101111111111111
000001001101111111111110111111111111
000001001101111111111111011111111111
000001001101111111111111101111111111
000001001101111111111111110111111111
000001001101111111111111111011111111
000001001101111111111111111101111111
000001001101111111111111111110111111
000001001101111111111111111111011111
000001001101111111111111111111101111
000001001101111111111111111111110111
000001001101111111111111111111111011
000001001101111111111111111111111101
000001001101111111111111111111111110
000001001110011111111111111111111111
000001001110101111111111111111111111
000001001110110111111111111111111111
000001001110111011111111111111111111
000001001110111101111111111111111111
000001001110111110111111111111111111
000001001110111111011111111111111111
000001001110111111101111111111111111
000001001110111111110111111111111111
000001001110111111111011111111111111
000001001110111111111101111111111111
000001001110111111111110111111111111
000001001110111111111111011111111111
000001001110111111111111101111111111
000001001110111111111111110111111111
000001001110111111111111111011111111
000001001110111111111111111101111111
000001001110111111111111111110111111
000001001110111111111111111111011111
000001001110111111111111111111101111
000001001110111111111111111111110111
000001001110111111111111111111111011
000001001110111111111111111111111101
000001001110111111111111111111111110
000001001111001111111111111111111111
000001001111010111111111111111111111
000001001111011011111111111111111111
000001001111011101111111111111111111
000001001111011110111111111111111111
000001001111011111011111111111111111
000001001111011111101111111111111111
000001001111011111110111111111111111
000001001111011111111011111111111111
000001001111011111111101111111111111
000001001111011111111110111111111111
000001001111011111111111011111111111
000001001111011111111111101111111111
000001001111011111111111110111111111
000001001111011111111111111011111111
000001001111011111111111111101111111
000001001111011111111111111110111111
000001001111011111111111111111011111
000001001111011111111111111111101111
000001001111011111111111111111110111
000001001111011111111111111111111011
000001001111011111111111111111111101
000001001111011111111111111111111110
000001001111100111111111111111111111
000001001111101011111111111111111111
000001001111101101111111111111111111
000001001111101110111111111111111111
000001001111101111011111111111111111
000001001111101111101111111111111111
000001001111101111110111111111111111
000001001111101111111011111111111111
000001001111101111111101111111111111
000001001111101111111110111111111111
000001001111101111111111011111111111
000001001111101111111111101111111111
000001001111101111111111110111111111
000001001111101111111111111011111111
000001001111101111111111111101111111
000001001111101111111111111110111111
000001001111101111111111111111011111
000001001111101111111111111111101111
000001001111101111111111111111110111
000001001111101111111111111111111011
000001001111101111111111111111111101
000001001111101111111111111111111110
000001001111110011111111111111111111
000001001111110101111111111111111111
000001001111110110111111111111111111
000001001111110111011111111111111111
000001001111110111101111111111111111
000001001111110111110111111111111111
000001001111110111111011111111111111
000001001111110111111101111111111111
000001001111110111111110111111111111
000001001111110111111111011111111111
000001001111110111111111101111111111
000001001111110111111111110111111111
000001001111110111111111111011111111
000001001111110111111111111101111111
000001001111110111111111111110111111
000001001111110111111111111111011111
000001001111110111111111111111101111
000001001111110111111111111111110111
000001001111110111111111111111111011
000001001111110111111111111111111101
000001001111110111111111111111111110
000001001111111001111111111111111111
000001001111111010111111111111111111
000001001111111011011111111111111111
000001001111111011101111111111111111
000001001111111011110111111111111111
000001001111111011111011111111111111
000001001111111011111101111111111111
000001001111111011111110111111111111
000001001111111011111111011111111111
000001001111111011111111101111111111
000001001111111011111111110111111111
000001001111111011111111111011111111
000001001111111011111111111101111111
000001001111111011111111111110111111
000001001111111011111111111111011111
000001001111111011111111111111101111
000001001111111011111111111111110111
000001001111111011111111111111111011
000001001111111011111111111111111101
000001001111111011111111111111111110
000001001111111100111111111111111111
000001001111111101011111111111111111
000001001111111101101111111111111111
000001001111111101110111111111111111
000001001111111101111011111111111111
000001001111111101111101111111111111
000001001111111101111110111111111111
000001001111111101111111011111111111
000001001111111101111111101111111111
000001001111111101111111110111111111
000001001111111101111111111011111111
000001001111111101111111111101111111
000001001111111101111111111110111111
000001001111111101111111111111011111
000001001111111101111111111111101111
000001001111111101111111111111110111
000001001111111101111111111111111011
000001001111111101111111111111111101
000001001111111101111111111111111110
000001001111111110011111111111111111
000001001111111110101111111111111111
000001001111111110110111111111111111
000001001111111110111011111111111111
000001001111111110111101111111111111
000001001111111110111110111111111111
000001001111111110111111011111111111
000001001111111110111111101111111111
000001001111111110111111110111111111
000001001111111110111111111011111111
000001001111111110111111111101111111
000001001111111110111111111110111111
000001001111111110111111111111011111
000001001111111110111111111111101111
000001001111111110111111111111110111
000001001111111110111111111111111011
000001001111111110111111111111111101
000001001111111110111111111111111110
000001001111111111001111111111111111
000001001111111111010111111111111111
000001001111111111011011111111111111
000001001111111111011101111111111111
000001001111111111011110111111111111
000001001111111111011111011111111111
000001001111111111011111101111111111
000001001111111111011111110111111111
000001001111111111011111111011111111
000001001111111111011111111101111111
000001001111111111011111111110111111
000001001111111111011111111111011111
000001001111111111011111111111101111
000001001111111111011111111111110111
000001001111111111011111111111111011
000001001111111111011111111111111101
000001001111111111011111111111111110
000001001111111111100111111111111111
000001001111111111101011111111111111
000001001111111111101101111111111111
000001001111111111101110111111111111
000001001111111111101111011111111111
000001001111111111101111101111111111
000001001111111111101111110111111111
000001001111111111101111111011111111
000001001111111111101111111101111111
000001001111111111101111111110111111
000001001111111111101111111111011111
000001001111111111101111111111101111
000001001111111111101111111111110111
000001001111111111101111111111111011
000001001111111111101111111111111101
000001001111111111101111111111111110
000001001111111111110011111111111111
000001001111111111110101111111111111
000001001111111111110110111111111111
000001001111111111110111011111111111
000001001111111111110111101111111111
000001001111111111110111110111111111
000001001111111111110111111011111111
000001001111111111110111111101111111
000001001111111111110111111110111111
000001001111111111110111111111011111
000001001111111111110111111111101111
000001001111111111110111111111110111
000001001111111111110111111111111011
000001001111111111110111111111111101
000001001111111111110111111111111110
000001001111111111111001111111111111
000001001111111111111010111111111111
000001001111111111111011011111111111
000001001111111111111011101111111111
000001001111111111111011110111111111
000001001111111111111011111011111111
000001001111111111111011111101111111
000001001111111111111011111110111111
000001001111111111111011111111011111
000001001111111111111011111111101111
000001001111111111111011111111110111
000001001111111111111011111111111011
000001001111111111111011111111111101
000001001111111111111011111111111110
000001001111111111111100111111111111
000001001111111111111101011111111111
000001001111111111111101101111111111
000001001111111111111101110111111111
000001001111111111111101111011111111
000001001111111111111101111101111111
000001001111111111111101111110111111
000001001111111111111101111111011111
000001001111111111111101111111101111
000001001111111111111101111111110111
000001001111111111111101111111111011
000001001111111111111101111111111101
000001001111111111111101111111111110
000001001111111111111110011111111111
000001001111111111111110101111111111
000001001111111111111110110111111111
000001001111111111111110111011111111
000001001111111111111110111101111111
000001001111111111111110111110111111
000001001111111111111110111111011111
000001001111111111111110111111101111
000001001111111111111110111111110111
000001001111111111111110111111111011
000001001111111111111110111111111101
000001001111111111111110111111111110
000001001111111111111111001111111111
000001001111111111111111010111111111
000001001111111111111111011011111111
000001001111111111111111011101111111
000001001111111111111111011110111111
000001001111111111111111011111011111
000001001111111111111111011111101111
000001001111111111111111011111110111
000001001111111111111111011111111011
000001001111111111111111011111111101
000001001111111111111111011111111110
000001001111111111111111100111111111
000001001111111111111111101011111111
000001001111111111111111101101111111
000001001111111111111111101110111111
000001001111111111111111101111011111
000001001111111111111111101111101111
000001001111111111111111101111110111
000001001111111111111111101111111011
000001001111111111111111101111111101
000001001111111111111111101111111110
000001001111111111111111110011111111
000001001111111111111111110101111111
000001001111111111111111110110111111
000001001111111111111111110111011111
000001001111111111111111110111101111
000001001111111111111111110111110111
000001001111111111111111110111111011
000001001111111111111111110111111101
000001001111111111111111110111111110
000001001111111111111111111001111111
000001001111111111111111111010111111
000001001111111111111111111011011111
000001001111111111111111111011101111
000001001111111111111111111011110111
000001001111111111111111111011111011
000001001111111111111111111011111101
000001001111111111111111111011111110
000001001111111111111111111100111111
000001001111111111111111111101011111
000001001111111111111111111101101111
000001001111111111111111111101110111
000001001111111111111111111101111011
000001001111111111111111111101111101
000001001111111111111111111101111110
000001001111111111111111111110011111
000001001111111111111111111110101111
000001001111111111111111111110110111
000001001111111111111111111110111011
000001001111111111111111111110111101
000001001111111111111111111110111110
000001001111111111111111111111001111
000001001111111111111111111111010111
000001001111111111111111111111011011
000001001111111111111111111111011101
000001001111111111111111111111011110
000001001111111111111111111111100111
000001001111111111111111111111101011
000001001111111111111111111111101101
000001001111111111111111111111101110
000001001111111111111111111111110011
000001001111111111111111111111110101
000001001111111111111111111111110110
000001001111111111111111111111111001
000001001111111111111111111111111010
000001001111111111111111111111111100
000001010001111111111111111111111111
000001010010111111111111111111111111
000001010011011111111111111111111111
000001010011101111111111111111111111
000001010011110111111111111111111111
000001010011111011111111111111111111
000001010011111101111111111111111111
000001010011111110111111111111111111
000001010011111111011111111111111111
000001010011111111101111111111111111
000001010011111111110111111111111111
000001010011111111111011111111111111
000001010011111111111101111111111111
000001010011111111111110111111111111
000001010011111111111111011111111111
000001010011111111111111101111111111
000001010011111111111111110111111111
000001010011111111111111111011111111
000001010011111111111111111101111111
000001010011111111111111111110111111
000001010011111111111111111111011111
000001010011111111111111111111101111
000001010011111111111111111111110111
000001010011111111111111111111111011
000001010011111111111111111111111101
000001010011111111111111111111111110
000001010100111111111111111111111111
000001010101011111111111111111111111
000001010101101111111111111111111111
000001010101110111111111111111111111
000001010101111011111111111111111111
000001010101111101111111111111111111
000001010101111110111111111111111111
000001010101111111011111111111111111
000001010101111111101111111111111111
000001010101111111110111111111111111
000001010101111111111011111111111111
000001010101111111111101111111111111
000001010101111111111110111111111111
000001010101111111111111011111111111
000001010101111111111111101111111111
000001010101111111111111110111111111
000001010101111111111111111011111111
000001010101111111111111111101111111
000001010101111111111111111110111111
000001010101111111111111111111011111
000001010101111111111111111111101111
000001010101111111111111111111110111
000001010101111111111111111111111011
000001010101111111111111111111111101
000001010101111111111111111111111110
000001010110011111111111111111111111
000001010110101111111111111111111111
000001010110110111111111111111111111
000001010110111011111111111111111111
000001010110111101111111111111111111
000001010110111110111111111111111111
000001010110111111011111111111111111
000001010110111111101111111111111111
000001010110111111110111111111111111
000001010110111111111011111111111111
000001010110111111111101111111111111
000001010110111111111110111111111111
000001010110111111111111011111111111
000001010110111111111111101111111111
000001010110111111111111110111111111
000001010110111111111111111011111111
000001010110111111111111111101111111
000001010110111111111111111110111111
000001010110111111111111111111011111
000001010110111111111111111111101111
000001010110111111111111111111110111
000001010110111111111111111111111011
000001010110111111111111111111111101
000001010110111111111111111111111110
000001010111001111111111111111111111
000001010111010111111111111111111111
000001010111011011111111111111111111
000001010111011101111111111111111111
000001010111011110111111111111111111
000001010111011111011111111111111111
000001010111011111101111111111111111
000001010111011111110111111111111111
000001010111011111111011111111111111
000001010111011111111101111111111111
000001010111011111111110111111111111
000001010111011111111111011111111111
000001010111011111111111101111111111
000001010111011111111111110111111111
000001010111011111111111111011111111
000001010111011111111111111101111111
000001010111011111111111111110111111
000001010111011111111111111111011111
000001010111011111111111111111101111
000001010111011111111111111111110111
000001010111011111111111111111111011
000001010111011111111111111111111101
000001010111011111111111111111111110
000001010111100111111111111111111111
000001010111101011111111111111111111
000001010111101101111111111111111111
000001010111101110111111111111111111
000001010111101111011111111111111111
000001010111101111101111111111111111
000001010111101111110111111111111111
000001010111101111111011111111111111
000001010111101111111101111111111111
000001010111101111111110111111111111
000001010111101111111111011111111111
000001010111101111111111101111111111
000001010111101111111111110111111111
000001010111101111111111111011111111
000001010111101111111111111101111111
000001010111101111111111111110111111
000001010111101111111111111111011111
000001010111101111111111111111101111
000001010111101111111111111111110111
000001010111101111111111111111111011
000001010111101111111111111111111101
000001010111101111111111111111111110
000001010111110011111111111111111111
000001010111110101111111111111111111
000001010111110110111111111111111111
000001010111110111011111111111111111
000001010111110111101111111111111111
000001010111110111110111111111111111
000001010111110111111011111111111111
000001010111110111111101111111111111
000001010111110111111110111111111111
000001010111110111111111011111111111
000001010111110111111111101111111111
000001010111110111111111110111111111
000001010111110111111111111011111111
000001010111110111111111111101111111
000001010111110111111111111110111111
000001010111110111111111111111011111
000001010111110111111111111111101111
000001010111110111111111111111110111
000001010111110111111111111111111011
000001010111110111111111111111111101
000001010111110111111111111111111110
000001010111111001111111111111111111
000001010111111010111111111111111111
000001010111111011011111111111111111
000001010111111011101111111111111111
000001010111111011110111111111111111
000001010111111011111011111111111111
000001010111111011111101111111111111
000001010111111011111110111111111111
000001010111111011111111011111111111
000001010111111011111111101111111111
000001010111111011111111110111111111
000001010111111011111111111011111111
000001010111111011111111111101111111
000001010111111011111111111110111111
000001010111111011111111111111011111
000001010111111011111111111111101111
000001010111111011111111111111110111
000001010111111011111111111111111011
000001010111111011111111111111111101
000001010111111011111111111111111110
000001010111111100111111111111111111
000001010111111101011111111111111111
000001010111111101101111111111111111
000001010111111101110111111111111111
000001010111111101111011111111111111
000001010111111101111101111111111111
000001010111111101111110111111111111
000001010111111101111111011111111111
000001010111111101111111101111111111
000001010111111101111111110111111111
000001010111111101111111111011111111
000001010111111101111111111101111111
000001010111111101111111111110111111
000001010111111101111111111111011111
000001010111111101111111111111101111
000001010111111101111111111111110111
000001010111111101111111111111111011
000001010111111101111111111111111101
000001010111111101111111111111111110
000001010111111110011111111111111111
000001010111111110101111111111111111
000001010111111110110111111111111111
000001010111111110111011111111111111
000001010111111110111101111111111111
000001010111111110111110111111111111
000001010111111110111111011111111111
000001010111111110111111101111111111
000001010111111110111111110111111111
000001010111111110111111111011111111
000001010111111110111111111101111111
000001010111111110111111111110111111
000001010111111110111111111111011111
000001010111111110111111111111101111
000001010111111110111111111111110111
000001010111111110111111111111111011
000001010111111110111111111111111101
000001010111111110111111111111111110
000001010111111111001111111111111111
000001010111111111010111111111111111
000001010111111111011011111111111111
000001010111111111011101111111111111
000001010111111111011110111111111111
000001010111111111011111011111111111
000001010111111111011111101111111111
000001010111111111011111110111111111
000001010111111111011111111011111111
000001010111111111011111111101111111
000001010111111111011111111110111111
000001010111111111011111111111011111
000001010111111111011111111111101111
000001010111111111011111111111110111
000001010111111111011111111111111011
000001010111111111011111111111111101
000001010111111111011111111111111110
000001010111111111100111111111111111
000001010111111111101011111111111111
000001010111111111101101111111111111
000001010111111111101110111111111111
000001010111111111101111011111111111
000001010111111111101111101111111111
000001010111111111101111110111111111
000001010111111111101111111011111111
000001010111111111101111111101111111
000001010111111111101111111110111111
000001010111111111101111111111011111
000001010111111111101111111111101111
000001010111111111101111111111110111
000001010111111111101111111111111011
000001010111111111101111111111111101
000001010111111111101111111111111110
000001010111111111110011111111111111
000001010111111111110101111111111111
000001010111111111110110111111111111
000001010111111111110111011111111111
000001010111111111110111101111111111
000001010111111111110111110111111111
000001010111111111110111111011111111
000001010111111111110111111101111111
000001010111111111110111111110111111
000001010111111111110111111111011111
000001010111111111110111111111101111
000001010111111111110111111111110111
000001010111111111110111111111111011
000001010111111111110111111111111101
000001010111111111110111111111111110
000001010111111111111001111111111111
000001010111111111111010111111111111
000001010111111111111011011111111111
000001010111111111111011101111111111
000001010111111111111011110111111111
000001010111111111111011111011111111
000001010111111111111011111101111111
000001010111111111111011111110111111
000001010111111111111011111111011111
000001010111111111111011111111101111
000001010111111111111011111111110111
000001010111111111111011111111111011
000001010111111111111011111111111101
000001010111111111111011111111111110
000001010111111111111100111111111111
000001010111111111111101011111111111
000001010111111111111101101111111111
000001010111111111111101110111111111
000001010111111111111101111011111111
000001010111111111111101111101111111
000001010111111111111101111110111111
000001010111111111111101111111011111
000001010111111111111101111111101111
000001010111111111111101111111110111
000001010111111111111101111111111011
000001010111111111111101111111111101
000001010111111111111101111111111110
000001010111111111111110011111111111
000001010111111111111110101111111111
000001010111111111111110110111111111
000001010111111111111110111011111111
000001010111111111111110111101111111
000001010111111111111110111110111111
000001010111111111111110111111011111
000001010111111111111110111111101111
000001010111111111111110111111110111
000001010111111111111110111111111011
000001010111111111111110111111111101
000001010111111111111110111111111110
000001010111111111111111001111111111
000001010111111111111111010111111111
000001010111111111111111011011111111
000001010111111111111111011101111111
000001010111111111111111011110111111
000001010111111111111111011111011111
000001010111111111111111011111101111
000001010111111111111111011111110111
000001010111111111111111011111111011
000001010111111111111111011111111101
000001010111111111111111011111111110
000001010111111111111111100111111111
000001010111111111111111101011111111
000001010111111111111111101101111111
000001010111111111111111101110111111
000001010111111111111111101111011111
000001010111111111111111101111101111
000001010111111111111111101111110111
000001010111111111111111101111111011
000001010111111111111111101111111101
000001010111111111111111101111111110
000001010111111111111111110011111111
000001010111111111111111110101111111
000001010111111111111111110110111111
000001010111111111111111110111011111
000001010111111111111111110111101111
000001010111111111111111110111110111
000001010111111111111111110111111011
000001010111111111111111110111111101
000001010111111111111111110111111110
000001010111111111111111111001111111
000001010111111111111111111010111111
000001010111111111111111111011011111
000001010111111111111111111011101111
000001010111111111111111111011110111
000001010111111111111111111011111011
000001010111111111111111111011111101
000001010111111111111111111011111110
000001010111111111111111111100111111
000001010111111111111111111101011111
000001010111111111111111111101101111
000001010111111111111111111101110111
000001010111111111111111111101111011
000001010111111111111111111101111101
000001010111111111111111111101111110
000001010111111111111111111110011111
000001010111111111111111111110101111
000001010111111111111111111110110111
000001010111111111111111111110111011
000001010111111111111111111110111101
000001010111111111111111111110111110
000001010111111111111111111111001111
000001010111111111111111111111010111
000001010111111111111111111111011011
000001010111111111111111111111011101
000001010111111111111111111111011110
000001010111111111111111111111100111
000001010111111111111111111111101011
000001010111111111111111111111101101
000001010111111111111111111111101110
000001010111111111111111111111110011
000001010111111111111111111111110101
000001010111111111111111111111110110
000001010111111111111111111111111001
000001010111111111111111111111111010
000001010111111111111111111111111100
000001011001011111111111111111111111
000001011001101111111111111111111111
000001011001111011111111111111111111
000001011001111101111111111111111111
000001011001111110111111111111111111
000001011001111111011111111111111111
000001011001111111101111111111111111
000001011001111111111101111111111111
000001011001111111111110111111111111
000001011001111111111111101111111111
000001011001111111111111110111111111
000001011001111111111111111101111111
000001011001111111111111111111011111
000001011001111111111111111111101111
000001011001111111111111111111110111
000001011001111111111111111111111011
000001011001111111111111111111111110
000001011010011111111111111111111111
000001011010101111111111111111111111
000001011010110111111111111111111111
000001011010111110111111111111111111
000001011010111111011111111111111111
000001011010111111101111111111111111
000001011010111111111110111111111111
000001011010111111111111110111111111
000001011010111111111111111011111111
000001011010111111111111111101111111
000001011010111111111111111110111111
000001011010111111111111111111011111
000001011010111111111111111111101111
000001011010111111111111111111110111
000001011010111111111111111111111011
000001011010111111111111111111111101
000001011010111111111111111111111110
000001011011001111111111111111111111
000001011011010111111111111111111111
000001011011011101111111111111111111
000001011011011110111111111111111111
000001011011011111011111111111111111
000001011011011111111101111111111111
000001011011011111111110111111111111
000001011011011111111111011111111111
000001011011011111111111111011111111
000001011011011111111111111101111111
000001011011011111111111111110111111
000001011011011111111111111111011111
000001011011011111111111111111110111
000001011011011111111111111111111110
000001011011100111111111111111111111
000001011011101101111111111111111111
000001011011101111011111111111111111
000001011011101111101111111111111111
000001011011101111111011111111111111
000001011011101111111101111111111111
000001011011101111111110111111111111
000001011011101111111111011111111111
000001011011101111111111101111111111
000001011011101111111111110111111111
000001011011101111111111111011111111
000001011011101111111111111101111111
000001011011101111111111111110111111
000001011011101111111111111111011111
000001011011101111111111111111110111
000001011011101111111111111111111011
000001011011101111111111111111111110
000001011011110101111111111111111111
000001011011110110111111111111111111
000001011011110111011111111111111111
000001011011110111101111111111111111
000001011011110111110111111111111111
000001011011110111111101111111111111
000001011011110111111110111111111111
000001011011110111111111011111111111
000001011011110111111111101111111111
000001011011110111111111110111111111
000001011011110111111111111011111111
000001011011110111111111111101111111
000001011011110111111111111110111111
000001011011110111111111111111110111
000001011011110111111111111111111011
000001011011110111111111111111111101
000001011011111001111111111111111111
000001011011111010111111111111111111
000001011011111011011111111111111111
000001011011111011101111111111111111
000001011011111011111011111111111111
000001011011111011111111101111111111
000001011011111011111111110111111111
000001011011111011111111111011111111
000001011011111011111111111101111111
000001011011111011111111111110111111
000001011011111011111111111111011111
000001011011111011111111111111110111
000001011011111011111111111111111110
000001011011111100111111111111111111
000001011011111101011111111111111111
000001011011111101110111111111111111
000001011011111101111011111111111111
000001011011111101111101111111111111
000001011011111101111110111111111111
000001011011111101111111101111111111
000001011011111101111111110111111111
000001011011111101111111111101111111
000001011011111101111111111110111111
000001011011111101111111111111011111
000001011011111101111111111111110111
000001011011111101111111111111111101
000001011011111101111111111111111110
000001011011111110101111111111111111
000001011011111110110111111111111111
000001011011111110111011111111111111
000001011011111110111101111111111111
000001011011111110111110111111111111
000001011011111110111111011111111111
000001011011111110111111101111111111
000001011011111110111111110111111111
000001011011111110111111111011111111
000001011011111110111111111110111111
000001011011111110111111111111011111
000001011011111110111111111111101111
000001011011111110111111111111110111
000001011011111110111111111111111011
000001011011111110111111111111111101
000001011011111110111111111111111110
000001011011111111010111111111111111
000001011011111111011011111111111111
000001011011111111011101111111111111
000001011011111111011111111011111111
000001011011111111011111111101111111
000001011011111111011111111110111111
000001011011111111011111111111011111
000001011011111111011111111111101111
000001011011111111011111111111110111
000001011011111111011111111111111011
000001011011111111011111111111111110
000001011011111111101011111111111111
000001011011111111101101111111111111
000001011011111111101110111111111111
000001011011111111101111011111111111
000001011011111111101111110111111111
000001011011111111101111111011111111
000001011011111111101111111101111111
000001011011111111101111111110111111
000001011011111111101111111111101111
000001011011111111101111111111110111
000001011011111111101111111111111011
000001011011111111110011111111111111
000001011011111111110101111111111111
000001011011111111110111101111111111
000001011011111111110111110111111111
000001011011111111110111111110111111
000001011011111111110111111111011111
000001011011111111110111111111101111
000001011011111111110111111111110111
000001011011111111110111111111111101
000001011011111111110111111111111110
000001011011111111111001111111111111
000001011011111111111010111111111111
000001011011111111111011011111111111
000001011011111111111011110111111111
000001011011111111111011111011111111
000001011011111111111011111101111111
000001011011111111111011111110111111
000001011011111111111011111111011111
000001011011111111111011111111110111
000001011011111111111011111111111011
000001011011111111111011111111111101
000001011011111111111011111111111110
000001011011111111111101101111111111
000001011011111111111101110111111111
000001011011111111111101111011111111
000001011011111111111101111110111111
000001011011111111111101111111101111
000001011011111111111101111111110111
000001011011111111111101111111111011
000001011011111111111101111111111101
000001011011111111111110011111111111
000001011011111111111110101111111111
000001011011111111111110110111111111
000001011011111111111110111011111111
000001011011111111111110111101111111
000001011011111111111110111110111111
000001011011111111111110111111101111
000001011011111111111110111111110111
000001011011111111111110111111111011
000001011011111111111110111111111101
000001011011111111111111001111111111
000001011011111111111111010111111111
000001011011111111111111011011111111
000001011011111111111111011101111111
000001011011111111111111011110111111
000001011011111111111111011111011111
000001011011111111111111011111101111
000001011011111111111111011111111011
000001011011111111111111011111111101
000001011011111111111111100111111111
000001011011111111111111101011111111
000001011011111111111111101101111111
000001011011111111111111101110111111
000001011011111111111111101111011111
000001011011111111111111101111110111
000001011011111111111111101111111011
000001011011111111111111101111111101
000001011011111111111111101111111110
000001011011111111111111110011111111
000001011011111111111111110101111111
000001011011111111111111110110111111
000001011011111111111111110111011111
000001011011111111111111110111111011
000001011011111111111111110111111110
000001011011111111111111111001111111
000001011011111111111111111010111111
000001011011111111111111111011101111
000001011011111111111111111011110111
000001011011111111111111111011111011
000001011011111111111111111011111101
000001011011111111111111111011111110
000001011011111111111111111100111111
000001011011111111111111111101101111
000001011011111111111111111110011111
000001011011111111111111111110101111
000001011011111111111111111110111011
000001011011111111111111111110111101
000001011011111111111111111110111110
000001011011111111111111111111010111
000001011011111111111111111111011011
000001011011111111111111111111011110
000001011011111111111111111111100111
000001011011111111111111111111101011
000001011011111111111111111111101101
000001011011111111111111111111101110
000001011011111111111111111111110011
000001011011111111111111111111110101
000001011011111111111111111111110110
000001011011111111111111111111111001
000001011011111111111111111111111100
000001011100011111111111111111111111
000001011100101111111111111111111111
000001011100110111111111111111111111
000001011100111011111111111111111111
000001011100111101111111111111111111
000001011100111110111111111111111111
000001011100111111011111111111111111
000001011100111111110111111111111111
000001011100111111111011111111111111
000001011100111111111101111111111111
000001011100111111111110111111111111
000001011100111111111111011111111111
000001011100111111111111110111111111
000001011100111111111111111011111111
000001011100111111111111111101111111
000001011100111111111111111111011111
000001011100111111111111111111110111
000001011100111111111111111111111011
000001011100111111111111111111111110
000001011101001111111111111111111111
000001011101010111111111111111111111
000001011101011101111111111111111111
000001011101011110111111111111111111
000001011101011111011111111111111111
000001011101011111110111111111111111
000001011101011111111011111111111111
000001011101011111111111011111111111
000001011101011111111111111011111111
000001011101011111111111111101111111
000001011101011111111111111110111111
000001011101011111111111111111110111
000001011101011111111111111111111011
000001011101011111111111111111111101
000001011101011111111111111111111110
000001011101101110111111111111111111
000001011101101111011111111111111111
000001011101101111101111111111111111
000001011101101111110111111111111111
000001011101101111111011111111111111
000001011101101111111101111111111111
000001011101101111111110111111111111
000001011101101111111111011111111111
000001011101101111111111101111111111
000001011101101111111111110111111111
000001011101101111111111111101111111
000001011101101111111111111111110111
000001011101101111111111111111111011
000001011101101111111111111111111101
000001011101101111111111111111111110
000001011101110011111111111111111111
000001011101110101111111111111111111
000001011101110111011111111111111111
000001011101110111101111111111111111
000001011101110111110111111111111111
000001011101110111111110111111111111
000001011101110111111111101111111111
000001011101110111111111110111111111
000001011101110111111111111011111111
000001011101110111111111111101111111
000001011101110111111111111110111111
000001011101110111111111111111101111
000001011101110111111111111111110111
000001011101110111111111111111111011
000001011101110111111111111111111110
000001011101111001111111111111111111
000001011101111010111111111111111111
000001011101111011110111111111111111
000001011101111011111110111111111111
000001011101111011111111011111111111
000001011101111011111111101111111111
000001011101111011111111111011111111
000001011101111011111111111101111111
000001011101111011111111111111101111
000001011101111011111111111111110111
000001011101111011111111111111111011
000001011101111011111111111111111101
000001011101111100111111111111111111
000001011101111101101111111111111111
000001011101111101110111111111111111
000001011101111101111011111111111111
000001011101111101111110111111111111
000001011101111101111111011111111111
000001011101111101111111110111111111
000001011101111101111111111011111111
000001011101111101111111111101111111
000001011101111101111111111111011111
000001011101111101111111111111111011
000001011101111101111111111111111101
000001011101111110011111111111111111
000001011101111110101111111111111111
000001011101111110110111111111111111
000001011101111110111011111111111111
000001011101111110111101111111111111
000001011101111110111111011111111111
000001011101111110111111110111111111
000001011101111110111111111011111111
000001011101111110111111111110111111
000001011101111110111111111111011111
000001011101111110111111111111101111
000001011101111110111111111111110111
000001011101111110111111111111111011
000001011101111110111111111111111110
000001011101111111001111111111111111
000001011101111111010111111111111111
000001011101111111011011111111111111
000001011101111111011101111111111111
000001011101111111011111011111111111
000001011101111111011111101111111111
000001011101111111011111110111111111
000001011101111111011111111101111111
000001011101111111011111111110111111
000001011101111111011111111111011111
000001011101111111011111111111101111
000001011101111111011111111111110111
000001011101111111011111111111111011
000001011101111111011111111111111110
000001011101111111100111111111111111
000001011101111111101011111111111111
000001011101111111101101111111111111
000001011101111111101110111111111111
000001011101111111101111101111111111
000001011101111111101111110111111111
000001011101111111101111111011111111
000001011101111111101111111110111111
000001011101111111101111111111110111
000001011101111111101111111111111101
000001011101111111101111111111111110
000001011101111111110011111111111111
000001011101111111110101111111111111
000001011101111111110110111111111111
000001011101111111110111101111111111
000001011101111111110111110111111111
000001011101111111110111111101111111
000001011101111111110111111111011111
000001011101111111110111111111110111
000001011101111111110111111111111101
000001011101111111110111111111111110
000001011101111111111011101111111111
000001011101111111111011110111111111
000001011101111111111011111011111111
000001011101111111111011111101111111
000001011101111111111011111110111111
000001011101111111111011111111101111
000001011101111111111011111111110111
000001011101111111111011111111111011
000001011101111111111011111111111101
000001011101111111111011111111111110
000001011101111111111100111111111111
000001011101111111111101011111111111
000001011101111111111101101111111111
000001011101111111111101111011111111
000001011101111111111101111101111111
000001011101111111111101111110111111
000001011101111111111101111111011111
000001011101111111111101111111101111
000001011101111111111101111111110111
000001011101111111111101111111111011
000001011101111111111101111111111110
000001011101111111111110011111111111
000001011101111111111110101111111111
000001011101111111111110110111111111
000001011101111111111110111011111111
000001011101111111111110111101111111
000001011101111111111110111111011111
000001011101111111111110111111101111
000001011101111111111110111111110111
000001011101111111111110111111111011
000001011101111111111110111111111101
000001011101111111111110111111111110
000001011101111111111111011101111111
000001011101111111111111011110111111
000001011101111111111111011111110111
000001011101111111111111011111111101
000001011101111111111111011111111110
000001011101111111111111100111111111
000001011101111111111111101011111111
000001011101111111111111101101111111
000001011101111111111111101110111111
000001011101111111111111101111011111
000001011101111111111111101111101111
000001011101111111111111101111110111
000001011101111111111111101111111011
000001011101111111111111101111111101
000001011101111111111111101111111110
000001011101111111111111110011111111
000001011101111111111111110101111111
000001011101111111111111110110111111
000001011101111111111111110111011111
000001011101111111111111110111111011
000001011101111111111111110111111101
000001011101111111111111110111111110
000001011101111111111111111011011111
000001011101111111111111111011101111
000001011101111111111111111011110111
000001011101111111111111111011111101
000001011101111111111111111011111110
000001011101111111111111111100111111
000001011101111111111111111101101111
000001011101111111111111111101110111
000001011101111111111111111101111011
000001011101111111111111111101111101
000001011101111111111111111101111110
000001011101111111111111111110101111
000001011101111111111111111110111101
000001011101111111111111111110111110
000001011101111111111111111111011011
000001011101111111111111111111011101
000001011101111111111111111111100111
000001011101111111111111111111101011
000001011101111111111111111111101101
000001011101111111111111111111101110
000001011101111111111111111111110011
000001011101111111111111111111110101
000001011101111111111111111111110110
000001011101111111111111111111111001
000001011110011101111111111111111111
000001011110011110111111111111111111
000001011110011111011111111111111111
000001011110011111101111111111111111
000001011110011111110111111111111111
000001011110011111111101111111111111
000001011110011111111111110111111111
000001011110011111111111111011111111
000001011110011111111111111101111111
000001011110011111111111111110111111
000001011110011111111111111111011111
000001011110011111111111111111111011
000001011110100111111111111111111111
000001011110101110111111111111111111
000001011110101111101111111111111111
000001011110101111110111111111111111
000001011110101111111011111111111111
000001011110101111111101111111111111
000001011110101111111110111111111111
000001011110101111111111101111111111
000001011110101111111111110111111111
000001011110101111111111111011111111
000001011110101111111111111110111111
000001011110101111111111111111110111
000001011110101111111111111111111011
000001011110101111111111111111111101
000001011110110011111111111111111111
000001011110110101111111111111111111
000001011110110110111111111111111111
000001011110110111101111111111111111
000001011110110111110111111111111111
000001011110110111111011111111111111
000001011110110111111110111111111111
000001011110110111111111011111111111
000001011110110111111111111110111111
000001011110110111111111111111101111
000001011110110111111111111111110111
000001011110110111111111111111111110
000001011110111001111111111111111111
000001011110111010111111111111111111
000001011110111011011111111111111111
000001011110111011111011111111111111
000001011110111011111101111111111111
000001011110111011111111011111111111
000001011110111011111111101111111111
000001011110111011111111110111111111
000001011110111011111111111011111111
000001011110111011111111111110111111
000001011110111011111111111111101111
000001011110111011111111111111110111
000001011110111011111111111111111011
000001011110111011111111111111111101
000001011110111011111111111111111110
000001011110111100111111111111111111
000001011110111101110111111111111111
000001011110111101111101111111111111
000001011110111101111111011111111111
000001011110111101111111110111111111
000001011110111101111111111011111111
000001011110111101111111111101111111
000001011110111101111111111110111111
000001011110111101111111111111011111
000001011110111101111111111111101111
000001011110111101111111111111110111
000001011110111101111111111111111011
000001011110111110011111111111111111
000001011110111110110111111111111111
000001011110111110111110111111111111
000001011110111110111111011111111111
000001011110111110111111110111111111
000001011110111110111111111011111111
000001011110111110111111111101111111
000001011110111110111111111110111111
000001011110111110111111111111011111
000001011110111110111111111111101111
000001011110111110111111111111111011
000001011110111110111111111111111101
000001011110111110111111111111111110
000001011110111111001111111111111111
000001011110111111010111111111111111
000001011110111111011101111111111111
000001011110111111011111011111111111
000001011110111111011111101111111111
000001011110111111011111110111111111
000001011110111111011111111011111111
000001011110111111011111111101111111
000001011110111111011111111110111111
000001011110111111011111111111101111
000001011110111111011111111111110111
000001011110111111011111111111111011
000001011110111111011111111111111101
000001011110111111101101111111111111
000001011110111111101110111111111111
000001011110111111101111011111111111
000001011110111111101111101111111111
000001011110111111101111111011111111
000001011110111111101111111101111111
000001011110111111101111111110111111
000001011110111111101111111111101111
000001011110111111101111111111110111
000001011110111111101111111111111011
000001011110111111101111111111111101
000001011110111111101111111111111110
000001011110111111110011111111111111
000001011110111111110101111111111111
000001011110111111110111011111111111
000001011110111111110111110111111111
000001011110111111110111111101111111
000001011110111111110111111110111111
000001011110111111110111111111111011
000001011110111111110111111111111101
000001011110111111111001111111111111
000001011110111111111011011111111111
000001011110111111111011101111111111
000001011110111111111011111011111111
000001011110111111111011111101111111
000001011110111111111011111110111111
000001011110111111111011111111110111
000001011110111111111011111111111011
000001011110111111111011111111111101
000001011110111111111101011111111111
000001011110111111111101110111111111
000001011110111111111101111011111111
000001011110111111111101111101111111
000001011110111111111101111111011111
000001011110111111111101111111101111
000001011110111111111101111111110111
000001011110111111111101111111111101
000001011110111111111101111111111110
000001011110111111111110011111111111
000001011110111111111110110111111111
000001011110111111111110111011111111
000001011110111111111110111101111111
000001011110111111111110111110111111
000001011110111111111110111111011111
000001011110111111111110111111101111
000001011110111111111110111111110111
000001011110111111111110111111111011
000001011110111111111110111111111101
000001011110111111111111001111111111
000001011110111111111111010111111111
000001011110111111111111011011111111
000001011110111111111111011110111111
000001011110111111111111011111011111
000001011110111111111111011111110111
000001011110111111111111011111111011
000001011110111111111111011111111101
000001011110111111111111100111111111
000001011110111111111111101011111111
000001011110111111111111101101111111
000001011110111111111111101111011111
000001011110111111111111101111101111
000001011110111111111111101111110111
000001011110111111111111101111111011
000001011110111111111111101111111101
000001011110111111111111110011111111
000001011110111111111111110101111111
000001011110111111111111110110111111
000001011110111111111111110111011111
000001011110111111111111110111101111
000001011110111111111111110111110111
000001011110111111111111110111111011
000001011110111111111111110111111101
000001011110111111111111110111111110
000001011110111111111111111001111111
000001011110111111111111111011011111
000001011110111111111111111011110111
000001011110111111111111111011111011
000001011110111111111111111011111101
000001011110111111111111111011111110
000001011110111111111111111100111111
000001011110111111111111111101011111
000001011110111111111111111101101111
000001011110111111111111111101110111
000001011110111111111111111101111110
000001011110111111111111111110011111
000001011110111111111111111110101111
000001011110111111111111111110110111
000001011110111111111111111110111011
000001011110111111111111111110111101
000001011110111111111111111111001111
000001011110111111111111111111010111
000001011110111111111111111111011011
000001011110111111111111111111011101
000001011110111111111111111111100111
000001011110111111111111111111101011
000001011110111111111111111111101101
000001011110111111111111111111101110
000001011110111111111111111111110011
000001011110111111111111111111111001
000001011111000111111111111111111111
000001011111001011111111111111111111
000001011111001101111111111111111111
000001011111001110111111111111111111
000001011111001111101111111111111111
000001011111001111110111111111111111
000001011111001111111011111111111111
000001011111001111111110111111111111
000001011111001111111111011111111111
000001011111001111111111101111111111
000001011111001111111111111101111111
000001011111001111111111111110111111
000001011111001111111111111111011111
000001011111001111111111111111101111
000001011111001111111111111111111101
000001011111001111111111111111111110
000001011111010110111111111111111111
000001011111010111101111111111111111
000001011111010111110111111111111111
000001011111010111111101111111111111
000001011111010111111111011111111111
000001011111010111111111101111111111
000001011111010111111111111011111111
000001011111010111111111111110111111
000001011111010111111111111111011111
000001011111010111111111111111111011
000001011111010111111111111111111101
000001011111011011101111111111111111
000001011111011011111011111111111111
000001011111011011111110111111111111
000001011111011011111111011111111111
000001011111011011111111101111111111
000001011111011011111111110111111111
000001011111011011111111111011111111
000001011111011011111111111101111111
000001011111011011111111111110111111
000001011111011011111111111111011111
000001011111011011111111111111101111
000001011111011011111111111111110111
000001011111011011111111111111111101
000001011111011011111111111111111110
000001011111011101011111111111111111
000001011111011101101111111111111111
000001011111011101111101111111111111
000001011111011101111110111111111111
000001011111011101111111101111111111
000001011111011101111111111011111111
000001011111011101111111111101111111
000001011111011101111111111111011111
000001011111011101111111111111101111
000001011111011101111111111111110111
000001011111011101111111111111111011
000001011111011101111111111111111110
000001011111011110011111111111111111
000001011111011110101111111111111111
000001011111011110110111111111111111
000001011111011110111011111111111111
000001011111011110111110111111111111
000001011111011110111111101111111111
000001011111011110111111111101111111
000001011111011110111111111110111111
000001011111011110111111111111011111
000001011111011110111111111111111011
000001011111011110111111111111111101
000001011111011110111111111111111110
000001011111011111011011111111111111
000001011111011111011101111111111111
000001011111011111011110111111111111
000001011111011111011111011111111111
000001011111011111011111101111111111
000001011111011111011111110111111111
000001011111011111011111111101111111
000001011111011111011111111110111111
000001011111011111011111111111101111
000001011111011111011111111111111101
000001011111011111011111111111111110
000001011111011111100111111111111111
000001011111011111101011111111111111
000001011111011111101101111111111111
000001011111011111101110111111111111
000001011111011111101111011111111111
000001011111011111101111101111111111
000001011111011111101111111011111111
000001011111011111101111111101111111
000001011111011111101111111110111111
000001011111011111101111111111011111
000001011111011111101111111111101111
000001011111011111101111111111111011
000001011111011111101111111111111101
000001011111011111110011111111111111
000001011111011111110101111111111111
000001011111011111110110111111111111
000001011111011111110111011111111111
000001011111011111110111111111011111
000001011111011111110111111111101111
000001011111011111110111111111110111
000001011111011111110111111111111011
000001011111011111110111111111111101
000001011111011111110111111111111110
000001011111011111111001111111111111
000001011111011111111010111111111111
000001011111011111111011011111111111
000001011111011111111011101111111111
000001011111011111111011111011111111
000001011111011111111011111101111111
000001011111011111111011111110111111
000001011111011111111011111111011111
000001011111011111111011111111101111
000001011111011111111011111111111101
000001011111011111111011111111111110
000001011111011111111101011111111111
000001011111011111111101110111111111
000001011111011111111101111011111111
000001011111011111111101111101111111
000001011111011111111101111110111111
000001011111011111111101111111011111
000001011111011111111101111111101111
000001011111011111111101111111110111
000001011111011111111101111111111011
000001011111011111111101111111111110
000001011111011111111110110111111111
000001011111011111111110111011111111
000001011111011111111110111111110111
000001011111011111111110111111111011
000001011111011111111110111111111101
000001011111011111111110111111111110
000001011111011111111111001111111111
000001011111011111111111011011111111
000001011111011111111111011101111111
000001011111011111111111011110111111
000001011111011111111111011111011111
000001011111011111111111011111110111
000001011111011111111111011111111011
000001011111011111111111011111111110
000001011111011111111111100111111111
000001011111011111111111101011111111
000001011111011111111111101110111111
000001011111011111111111101111101111
000001011111011111111111101111110111
000001011111011111111111101111111011
000001011111011111111111101111111101
000001011111011111111111101111111110
000001011111011111111111110011111111
000001011111011111111111110101111111
000001011111011111111111110111011111
000001011111011111111111110111101111
000001011111011111111111110111111011
000001011111011111111111110111111101
000001011111011111111111110111111110
000001011111011111111111111001111111
000001011111011111111111111010111111
000001011111011111111111111011011111
000001011111011111111111111011110111
000001011111011111111111111011111011
000001011111011111111111111011111101
000001011111011111111111111011111110
000001011111011111111111111100111111
000001011111011111111111111101110111
000001011111011111111111111101111101
000001011111011111111111111101111110
000001011111011111111111111110011111
000001011111011111111111111110101111
000001011111011111111111111110110111
000001011111011111111111111110111011
000001011111011111111111111110111101
000001011111011111111111111110111110
000001011111011111111111111111010111
000001011111011111111111111111011011
000001011111011111111111111111011110
000001011111011111111111111111100111
000001011111011111111111111111101011
000001011111011111111111111111101101
000001011111011111111111111111110011
000001011111011111111111111111110101
000001011111011111111111111111110110
000001011111011111111111111111111001
000001011111011111111111111111111010
000001011111011111111111111111111100
000001011111100101111111111111111111
000001011111100110111111111111111111
000001011111100111011111111111111111
000001011111100111101111111111111111
000001011111100111110111111111111111
000001011111100111111011111111111111
000001011111100111111101111111111111
000001011111100111111110111111111111
000001011111100111111111101111111111
000001011111100111111111111101111111
000001011111100111111111111110111111
000001011111100111111111111111110111
000001011111100111111111111111111011
000001011111100111111111111111111101
000001011111100111111111111111111110
000001011111101001111111111111111111
000001011111101010111111111111111111
000001011111101011011111111111111111
000001011111101011101111111111111111
000001011111101011110111111111111111
000001011111101011111011111111111111
000001011111101011111110111111111111
000001011111101011111111101111111111
000001011111101011111111110111111111
000001011111101011111111111011111111
000001011111101011111111111110111111
000001011111101011111111111111101111
000001011111101011111111111111110111
000001011111101011111111111111111011
000001011111101011111111111111111101
000001011111101011111111111111111110
000001011111101100111111111111111111
000001011111101101011111111111111111
000001011111101101101111111111111111
000001011111101101110111111111111111
000001011111101101111011111111111111
000001011111101101111101111111111111
000001011111101101111110111111111111
000001011111101101111111011111111111
000001011111101101111111101111111111
000001011111101101111111110111111111
000001011111101101111111111011111111
000001011111101101111111111101111111
000001011111101101111111111110111111
000001011111101101111111111111011111
000001011111101101111111111111101111
000001011111101101111111111111110111
000001011111101101111111111111111011
000001011111101101111111111111111101
000001011111101101111111111111111110
000001011111101110011111111111111111
000001011111101110110111111111111111
000001011111101110111011111111111111
000001011111101110111101111111111111
000001011111101110111110111111111111
000001011111101110111111011111111111
000001011111101110111111101111111111
000001011111101110111111110111111111
000001011111101110111111111011111111
000001011111101110111111111101111111
000001011111101110111111111110111111
000001011111101110111111111111011111
000001011111101110111111111111101111
000001011111101110111111111111111011
000001011111101110111111111111111101
000001011111101111001111111111111111
000001011111101111011011111111111111
000001011111101111011101111111111111
000001011111101111011110111111111111
000001011111101111011111011111111111
000001011111101111011111101111111111
000001011111101111011111110111111111
000001011111101111011111111011111111
000001011111101111011111111110111111
000001011111101111011111111111011111
000001011111101111011111111111110111
000001011111101111011111111111111011
000001011111101111011111111111111101
000001011111101111011111111111111110
000001011111101111101011111111111111
000001011111101111101110111111111111
000001011111101111101111110111111111
000001011111101111101111111011111111
000001011111101111101111111101111111
000001011111101111101111111110111111
000001011111101111101111111111011111
000001011111101111101111111111101111
000001011111101111101111111111110111
000001011111101111101111111111111011
000001011111101111110011111111111111
000001011111101111110110111111111111
000001011111101111110111011111111111
000001011111101111110111101111111111
000001011111101111110111111011111111
000001011111101111110111111101111111
000001011111101111110111111110111111
000001011111101111110111111111101111
000001011111101111110111111111110111
000001011111101111111001111111111111
000001011111101111111011011111111111
000001011111101111111011101111111111
000001011111101111111011110111111111
000001011111101111111011111011111111
000001011111101111111011111101111111
000001011111101111111011111111101111
000001011111101111111011111111110111
000001011111101111111011111111111011
000001011111101111111011111111111101
000001011111101111111011111111111110
000001011111101111111100111111111111
000001011111101111111101011111111111
000001011111101111111101111011111111
000001011111101111111101111110111111
000001011111101111111101111111011111
000001011111101111111101111111110111
000001011111101111111101111111111101
000001011111101111111101111111111110
000001011111101111111110101111111111
000001011111101111111110110111111111
000001011111101111111110111011111111
000001011111101111111110111110111111
000001011111101111111110111111101111
000001011111101111111110111111110111
000001011111101111111110111111111011
000001011111101111111110111111111101
000001011111101111111111001111111111
000001011111101111111111011011111111
000001011111101111111111011101111111
000001011111101111111111011111011111
000001011111101111111111011111110111
000001011111101111111111011111111101
000001011111101111111111011111111110
000001011111101111111111100111111111
000001011111101111111111101011111111
000001011111101111111111101101111111
000001011111101111111111101111011111
000001011111101111111111101111111011
000001011111101111111111101111111110
000001011111101111111111110101111111
000001011111101111111111110111101111
000001011111101111111111110111110111
000001011111101111111111110111111011
000001011111101111111111110111111101
000001011111101111111111111001111111
000001011111101111111111111010111111
000001011111101111111111111011101111
000001011111101111111111111011111011
000001011111101111111111111011111110
000001011111101111111111111101101111
000001011111101111111111111101110111
000001011111101111111111111101111011
000001011111101111111111111101111101
000001011111101111111111111101111110
000001011111101111111111111110011111
000001011111101111111111111110110111
000001011111101111111111111110111101
000001011111101111111111111111001111
000001011111101111111111111111010111
000001011111101111111111111111011110
000001011111101111111111111111101101
000001011111101111111111111111101110
000001011111101111111111111111110011
000001011111101111111111111111110110
000001011111101111111111111111111010
000001011111110001111111111111111111
000001011111110010111111111111111111
000001011111110011110111111111111111
000001011111110011111110111111111111
000001011111110011111111101111111111
000001011111110011111111110111111111
000001011111110011111111111011111111
000001011111110011111111111110111111
000001011111110011111111111111110111
000001011111110011111111111111111011
000001011111110011111111111111111101
000001011111110011111111111111111110
000001011111110100111111111111111111
000001011111110101110111111111111111
000001011111110101111011111111111111
000001011111110101111110111111111111
000001011111110101111111111011111111
000001011111110101111111111101111111
000001011111110101111111111110111111
000001011111110101111111111111011111
000001011111110101111111111111111011
000001011111110101111111111111111101
000001011111110101111111111111111110
000001011111110110101111111111111111
000001011111110110110111111111111111
000001011111110110111011111111111111
000001011111110110111111011111111111
000001011111110110111111101111111111
000001011111110110111111110111111111
000001011111110110111111111011111111
000001011111110110111111111101111111
000001011111110110111111111111011111
000001011111110110111111111111101111
000001011111110110111111111111111101
000001011111110110111111111111111110
000001011111110111001111111111111111
000001011111110111010111111111111111
000001011111110111011011111111111111
000001011111110111011101111111111111
000001011111110111011110111111111111
000001011111110111011111101111111111
000001011111110111011111111101111111
000001011111110111011111111111011111
000001011111110111011111111111101111
000001011111110111011111111111110111
000001011111110111100111111111111111
000001011111110111101011111111111111
000001011111110111101110111111111111
000001011111110111101111111011111111
000001011111110111101111111110111111
000001011111110111101111111111101111
000001011111110111101111111111110111
000001011111110111101111111111111011
000001011111110111101111111111111101
000001011111110111101111111111111110
000001011111110111110011111111111111
000001011111110111110110111111111111
000001011111110111110111011111111111
000001011111110111110111101111111111
000001011111110111110111111011111111
000001011111110111110111111101111111
000001011111110111110111111110111111
000001011111110111110111111111011111
000001011111110111110111111111101111
000001011111110111110111111111110111
000001011111110111110111111111111101
000001011111110111111001111111111111
000001011111110111111010111111111111
000001011111110111111011111011111111
000001011111110111111011111101111111
000001011111110111111011111110111111
000001011111110111111011111111101111
000001011111110111111011111111111011
000001011111110111111100111111111111
000001011111110111111101011111111111
000001011111110111111101110111111111
000001011111110111111101111011111111
000001011111110111111101111101111111
000001011111110111111101111111011111
000001011111110111111101111111110111
000001011111110111111101111111111011
000001011111110111111101111111111101
000001011111110111111101111111111110
000001011111110111111110101111111111
000001011111110111111110111011111111
000001011111110111111110111101111111
000001011111110111111110111111011111
000001011111110111111110111111101111
000001011111110111111110111111110111
000001011111110111111110111111111011
000001011111110111111111001111111111
000001011111110111111111010111111111
000001011111110111111111011011111111
000001011111110111111111011110111111
000001011111110111111111011111101111
000001011111110111111111011111110111
000001011111110111111111011111111011
000001011111110111111111011111111101
000001011111110111111111011111111110
000001011111110111111111101101111111
000001011111110111111111101110111111
000001011111110111111111101111011111
000001011111110111111111101111110111
000001011111110111111111101111111011
000001011111110111111111101111111110
000001011111110111111111110101111111
000001011111110111111111110111110111
000001011111110111111111110111111011
000001011111110111111111110111111110
000001011111110111111111111001111111
000001011111110111111111111011011111
000001011111110111111111111011110111
000001011111110111111111111011111011
000001011111110111111111111011111101
000001011111110111111111111100111111
000001011111110111111111111101011111
000001011111110111111111111101101111
000001011111110111111111111101110111
000001011111110111111111111101111011
000001011111110111111111111101111101
000001011111110111111111111101111110
000001011111110111111111111110011111
000001011111110111111111111110101111
000001011111110111111111111110110111
000001011111110111111111111110111011
000001011111110111111111111110111101
000001011111110111111111111110111110
000001011111110111111111111111011011
000001011111110111111111111111011101
000001011111110111111111111111011110
000001011111110111111111111111100111
000001011111110111111111111111101011
000001011111110111111111111111101101
000001011111110111111111111111110101
000001011111110111111111111111111001
000001011111110111111111111111111100
000001011111111000111111111111111111
000001011111111001011111111111111111
000001011111111001111110111111111111
000001011111111001111111011111111111
000001011111111001111111111101111111
000001011111111001111111111110111111
000001011111111001111111111111101111
000001011111111001111111111111110111
000001011111111001111111111111111101
000001011111111010101111111111111111
000001011111111010110111111111111111
000001011111111010111110111111111111
000001011111111010111111101111111111
000001011111111010111111110111111111
000001011111111010111111111011111111
000001011111111010111111111101111111
000001011111111010111111111110111111
000001011111111010111111111111101111
000001011111111010111111111111110111
000001011111111010111111111111111011
000001011111111010111111111111111101
000001011111111011010111111111111111
000001011111111011011011111111111111
000001011111111011011101111111111111
000001011111111011011110111111111111
000001011111111011011111011111111111
000001011111111011011111110111111111
000001011111111011011111111011111111
000001011111111011011111111101111111
000001011111111011011111111110111111
000001011111111011011111111111011111
000001011111111011011111111111101111
000001011111111011011111111111111011
000001011111111011011111111111111101
000001011111111011011111111111111110
000001011111111011100111111111111111
000001011111111011101011111111111111
000001011111111011101101111111111111
000001011111111011101110111111111111
000001011111111011101111011111111111
000001011111111011101111111101111111
000001011111111011101111111111011111
000001011111111011101111111111101111
000001011111111011101111111111110111
000001011111111011101111111111111011
000001011111111011101111111111111101
000001011111111011101111111111111110
000001011111111011110011111111111111
000001011111111011110101111111111111
000001011111111011110110111111111111
000001011111111011110111101111111111
000001011111111011110111110111111111
000001011111111011110111111110111111
000001011111111011110111111111101111
000001011111111011110111111111110111
000001011111111011110111111111111011
000001011111111011110111111111111101
000001011111111011110111111111111110
000001011111111011111010111111111111
000001011111111011111011101111111111
000001011111111011111011110111111111
000001011111111011111011111011111111
000001011111111011111011111101111111
000001011111111011111011111111011111
000001011111111011111011111111110111
000001011111111011111011111111111011
000001011111111011111011111111111101
000001011111111011111011111111111110
000001011111111011111100111111111111
000001011111111011111101011111111111
000001011111111011111101101111111111
000001011111111011111101110111111111
000001011111111011111101111011111111
000001011111111011111101111101111111
000001011111111011111101111110111111
000001011111111011111101111111011111
000001011111111011111101111111101111
000001011111111011111101111111110111
000001011111111011111101111111111110
000001011111111011111110011111111111
000001011111111011111110101111111111
000001011111111011111110110111111111
000001011111111011111110111101111111
000001011111111011111110111110111111
000001011111111011111110111111011111
000001011111111011111110111111101111
000001011111111011111110111111110111
000001011111111011111110111111111011
000001011111111011111110111111111101
000001011111111011111110111111111110
000001011111111011111111010111111111
000001011111111011111111011011111111
000001011111111011111111011101111111
000001011111111011111111011110111111
000001011111111011111111011111011111
000001011111111011111111011111101111
000001011111111011111111011111110111
000001011111111011111111011111111011
000001011111111011111111011111111101
000001011111111011111111011111111110
000001011111111011111111100111111111
000001011111111011111111101011111111
000001011111111011111111101101111111
000001011111111011111111101110111111
000001011111111011111111101111101111
000001011111111011111111101111110111
000001011111111011111111101111111011
000001011111111011111111110011111111
000001011111111011111111110101111111
000001011111111011111111110111011111
000001011111111011111111110111110111
000001011111111011111111110111111011
000001011111111011111111110111111101
000001011111111011111111111001111111
000001011111111011111111111011011111
000001011111111011111111111011101111
000001011111111011111111111011110111
000001011111111011111111111011111011
000001011111111011111111111011111110
000001011111111011111111111100111111
000001011111111011111111111101011111
000001011111111011111111111101111011
000001011111111011111111111101111101
000001011111111011111111111101111110
000001011111111011111111111110011111
000001011111111011111111111110110111
000001011111111011111111111110111011
000001011111111011111111111110111101
000001011111111011111111111110111110
000001011111111011111111111111001111
000001011111111011111111111111010111
000001011111111011111111111111011011
000001011111111011111111111111011101
000001011111111011111111111111011110
000001011111111011111111111111100111
000001011111111011111111111111101011
000001011111111011111111111111101101
000001011111111011111111111111101110
000001011111111011111111111111110011
000001011111111011111111111111110101
000001011111111011111111111111110110
000001011111111100011111111111111111
000001011111111100101111111111111111
000001011111111100110111111111111111
000001011111111100111110111111111111
000001011111111100111111011111111111
000001011111111100111111101111111111
000001011111111100111111110111111111
000001011111111100111111111011111111
000001011111111100111111111101111111
000001011111111100111111111110111111
000001011111111100111111111111011111
000001011111111100111111111111101111
000001011111111100111111111111110111
000001011111111100111111111111111011
000001011111111100111111111111111101
000001011111111100111111111111111110
000001011111111101001111111111111111
000001011111111101011011111111111111
000001011111111101011101111111111111
000001011111111101011110111111111111
000001011111111101011111011111111111
000001011111111101011111101111111111
000001011111111101011111110111111111
000001011111111101011111111011111111
000001011111111101011111111111011111
000001011111111101011111111111111011
000001011111111101011111111111111101
000001011111111101011111111111111110
000001011111111101100111111111111111
000001011111111101101101111111111111
000001011111111101101110111111111111
000001011111111101101111011111111111
000001011111111101101111110111111111
000001011111111101101111111011111111
000001011111111101101111111101111111
000001011111111101101111111110111111
000001011111111101101111111111011111
000001011111111101101111111111101111
000001011111111101101111111111110111
000001011111111101101111111111111110
000001011111111101110101111111111111
000001011111111101110111011111111111
000001011111111101110111111011111111
000001011111111101110111111101111111
000001011111111101110111111110111111
000001011111111101110111111111011111
000001011111111101110111111111101111
000001011111111101110111111111111011
000001011111111101110111111111111101
000001011111111101110111111111111110
000001011111111101111001111111111111
000001011111111101111010111111111111
000001011111111101111011011111111111
000001011111111101111011110111111111
000001011111111101111011111101111111
000001011111111101111011111110111111
000001011111111101111011111111011111
000001011111111101111011111111110111
000001011111111101111011111111111011
000001011111111101111011111111111101
000001011111111101111011111111111110
000001011111111101111101011111111111
000001011111111101111101110111111111
000001011111111101111101111011111111
000001011111111101111101111110111111
000001011111111101111101111111011111
000001011111111101111101111111101111
000001011111111101111101111111110111
000001011111111101111101111111111101
000001011111111101111101111111111110
000001011111111101111110011111111111
000001011111111101111110101111111111
000001011111111101111110110111111111
000001011111111101111110111011111111
000001011111111101111110111101111111
000001011111111101111110111110111111
000001011111111101111110111111101111
000001011111111101111110111111111011
000001011111111101111110111111111101
000001011111111101111110111111111110
000001011111111101111111001111111111
000001011111111101111111011111011111
000001011111111101111111011111101111
000001011111111101111111011111110111
000001011111111101111111011111111011
000001011111111101111111101011111111
000001011111111101111111101101111111
000001011111111101111111101110111111
000001011111111101111111101111011111
000001011111111101111111101111101111
000001011111111101111111101111111101
000001011111111101111111101111111110
000001011111111101111111110110111111
000001011111111101111111110111101111
000001011111111101111111110111111011
000001011111111101111111110111111110
000001011111111101111111111001111111
000001011111111101111111111011011111
000001011111111101111111111011101111
000001011111111101111111111011110111
000001011111111101111111111011111101
000001011111111101111111111011111110
000001011111111101111111111100111111
000001011111111101111111111101101111
000001011111111101111111111101110111
000001011111111101111111111101111110
000001011111111101111111111110101111
000001011111111101111111111110110111
000001011111111101111111111110111101
000001011111111101111111111110111110
000001011111111101111111111111001111
000001011111111101111111111111011101
000001011111111101111111111111011110
000001011111111101111111111111101011
000001011111111101111111111111101101
000001011111111101111111111111101110
000001011111111101111111111111110011
000001011111111101111111111111110101
000001011111111101111111111111110110
000001011111111101111111111111111001
000001011111111101111111111111111010
000001011111111101111111111111111100
000001011111111110001111111111111111
000001011111111110010111111111111111
000001011111111110011011111111111111
000001011111111110011110111111111111
000001011111111110011111011111111111
000001011111111110011111110111111111
000001011111111110011111111011111111
000001011111111110011111111101111111
000001011111111110011111111111011111
000001011111111110011111111111110111
000001011111111110011111111111111011
000001011111111110011111111111111101
000001011111111110011111111111111110
000001011111111110101011111111111111
000001011111111110101101111111111111
000001011111111110101110111111111111
000001011111111110101111011111111111
000001011111111110101111101111111111
000001011111111110101111111011111111
000001011111111110101111111101111111
000001011111111110101111111110111111
000001011111111110101111111111011111
000001011111111110101111111111101111
000001011111111110101111111111110111
000001011111111110101111111111111101
000001011111111110101111111111111110
000001011111111110110110111111111111
000001011111111110110111101111111111
000001011111111110110111111011111111
000001011111111110110111111101111111
000001011111111110110111111110111111
000001011111111110110111111111110111
000001011111111110110111111111111011
000001011111111110111001111111111111
000001011111111110111011011111111111
000001011111111110111011101111111111
000001011111111110111011110111111111
000001011111111110111011111110111111
000001011111111110111011111111101111
000001011111111110111011111111110111
000001011111111110111011111111111011
000001011111111110111011111111111101
000001011111111110111101011111111111
000001011111111110111101101111111111
000001011111111110111101110111111111
000001011111111110111101111011111111
000001011111111110111101111101111111
000001011111111110111101111110111111
000001011111111110111101111111011111
000001011111111110111101111111111101
000001011111111110111101111111111110
000001011111111110111110011111111111
000001011111111110111110101111111111
000001011111111110111110111011111111
000001011111111110111110111101111111
000001011111111110111110111110111111
000001011111111110111110111111011111
000001011111111110111110111111110111
000001011111111110111110111111111011
000001011111111110111110111111111101
000001011111111110111110111111111110
000001011111111110111111001111111111
000001011111111110111111010111111111
000001011111111110111111011011111111
000001011111111110111111011110111111
000001011111111110111111011111011111
000001011111111110111111011111110111
000001011111111110111111011111111011
000001011111111110111111011111111110
000001011111111110111111101011111111
000001011111111110111111101111101111
000001011111111110111111101111110111
000001011111111110111111101111111011
000001011111111110111111101111111101
000001011111111110111111101111111110
000001011111111110111111110101111111
000001011111111110111111110110111111
000001011111111110111111110111101111
000001011111111110111111110111111011
000001011111111110111111110111111110
000001011111111110111111111001111111
000001011111111110111111111010111111
000001011111111110111111111011101111
000001011111111110111111111011111011
000001011111111110111111111011111101
000001011111111110111111111100111111
000001011111111110111111111101011111
000001011111111110111111111101110111
000001011111111110111111111101111101
000001011111111110111111111101111110
000001011111111110111111111110101111
000001011111111110111111111110110111
000001011111111110111111111110111101
000001011111111110111111111110111110
000001011111111110111111111111001111
000001011111111110111111111111010111
000001011111111110111111111111011011
000001011111111110111111111111011101
000001011111111110111111111111011110
000001011111111110111111111111101011
000001011111111110111111111111101101
000001011111111110111111111111110011
000001011111111110111111111111110101
000001011111111110111111111111110110
000001011111111110111111111111111001
000001011111111110111111111111111010
000001011111111110111111111111111100
000001011111111111000111111111111111
000001011111111111001011111111111111
000001011111111111001101111111111111
000001011111111111001110111111111111
000001011111111111001111011111111111
000001011111111111001111101111111111
000001011111111111001111110111111111
000001011111111111001111111011111111
000001011111111111001111111101111111
000001011111111111001111111111011111
000001011111111111001111111111101111
000001011111111111001111111111110111
000001011111111111001111111111111101
000001011111111111010011111111111111
000001011111111111010101111111111111
000001011111111111010111011111111111
000001011111111111010111110111111111
000001011111111111010111111011111111
000001011111111111010111111110111111
000001011111111111010111111111011111
000001011111111111010111111111101111
000001011111111111010111111111111011
000001011111111111010111111111111101
000001011111111111010111111111111110
000001011111111111011010111111111111
000001011111111111011011011111111111
000001011111111111011011101111111111
000001011111111111011011111011111111
000001011111111111011011111101111111
000001011111111111011011111110111111
000001011111111111011011111111101111
000001011111111111011011111111111011
000001011111111111011011111111111101
000001011111111111011011111111111110
000001011111111111011100111111111111
000001011111111111011101011111111111
000001011111111111011101101111111111
000001011111111111011101111011111111
000001011111111111011101111111011111
000001011111111111011101111111111011
000001011111111111011110011111111111
000001011111111111011110101111111111
000001011111111111011110111011111111
000001011111111111011110111101111111
000001011111111111011110111110111111
000001011111111111011110111111101111
000001011111111111011110111111110111
000001011111111111011110111111111101
000001011111111111011111001111111111
000001011111111111011111010111111111
000001011111111111011111011011111111
000001011111111111011111011101111111
000001011111111111011111011110111111
000001011111111111011111011111011111
000001011111111111011111011111110111
000001011111111111011111011111111110
000001011111111111011111100111111111
000001011111111111011111101011111111
000001011111111111011111101111011111
000001011111111111011111101111101111
000001011111111111011111101111111011
000001011111111111011111101111111101
000001011111111111011111101111111110
000001011111111111011111110011111111
000001011111111111011111110101111111
000001011111111111011111110110111111
000001011111111111011111110111011111
000001011111111111011111110111101111
000001011111111111011111110111110111
000001011111111111011111110111111011
000001011111111111011111110111111101
000001011111111111011111110111111110
000001011111111111011111111010111111
000001011111111111011111111011011111
000001011111111111011111111011101111
000001011111111111011111111011111011
000001011111111111011111111011111101
000001011111111111011111111011111110
000001011111111111011111111100111111
000001011111111111011111111101101111
000001011111111111011111111101110111
000001011111111111011111111101111011
000001011111111111011111111101111101
000001011111111111011111111101111110
000001011111111111011111111110011111
000001011111111111011111111110110111
000001011111111111011111111110111101
000001011111111111011111111110111110
000001011111111111011111111111010111
000001011111111111011111111111011011
000001011111111111011111111111011110
000001011111111111011111111111100111
000001011111111111011111111111101011
000001011111111111011111111111101101
000001011111111111011111111111101110
000001011111111111011111111111110101
000001011111111111011111111111111001
000001011111111111011111111111111010
000001011111111111011111111111111100
000001011111111111100101111111111111
000001011111111111100111011111111111
000001011111111111100111101111111111
000001011111111111100111111110111111
000001011111111111100111111111011111
000001011111111111100111111111101111
000001011111111111100111111111111011
000001011111111111100111111111111101
000001011111111111101001111111111111
000001011111111111101010111111111111
000001011111111111101011101111111111
000001011111111111101011111011111111
000001011111111111101011111101111111
000001011111111111101011111111011111
000001011111111111101011111111101111
000001011111111111101011111111110111
000001011111111111101011111111111011
000001011111111111101011111111111110
000001011111111111101101101111111111
000001011111111111101101110111111111
000001011111111111101101111101111111
000001011111111111101101111111101111
000001011111111111101101111111110111
000001011111111111101101111111111011
000001011111111111101101111111111101
000001011111111111101110101111111111
000001011111111111101110110111111111
000001011111111111101110111101111111
000001011111111111101110111110111111
000001011111111111101110111111011111
000001011111111111101110111111101111
000001011111111111101110111111110111
000001011111111111101110111111111011
000001011111111111101110111111111110
000001011111111111101111001111111111
000001011111111111101111011011111111
000001011111111111101111011101111111
000001011111111111101111011110111111
000001011111111111101111011111110111
000001011111111111101111011111111011
000001011111111111101111100111111111
000001011111111111101111101011111111
000001011111111111101111101111011111
000001011111111111101111101111101111
000001011111111111101111101111110111
000001011111111111101111110011111111
000001011111111111101111110101111111
000001011111111111101111110111011111
000001011111111111101111110111101111
000001011111111111101111110111110111
000001011111111111101111110111111110
000001011111111111101111111001111111
000001011111111111101111111011011111
000001011111111111101111111011110111
000001011111111111101111111011111011
000001011111111111101111111011111101
000001011111111111101111111011111110
000001011111111111101111111100111111
000001011111111111101111111101011111
000001011111111111101111111101110111
000001011111111111101111111101111011
000001011111111111101111111110110111
000001011111111111101111111110111011
000001011111111111101111111110111101
000001011111111111101111111110111110
000001011111111111101111111111010111
000001011111111111101111111111011011
000001011111111111101111111111011101
000001011111111111101111111111011110
000001011111111111101111111111101011
000001011111111111101111111111101101
000001011111111111101111111111110011
000001011111111111101111111111110110
000001011111111111101111111111111001
000001011111111111110001111111111111
000001011111111111110011011111111111
000001011111111111110011101111111111
000001011111111111110011110111111111
000001011111111111110011111011111111
000001011111111111110011111110111111
000001011111111111110011111111011111
000001011111111111110011111111110111
000001011111111111110100111111111111
000001011111111111110101011111111111
000001011111111111110101110111111111
000001011111111111110101111011111111
000001011111111111110101111110111111
000001011111111111110101111111110111
000001011111111111110101111111111011
000001011111111111110101111111111110
000001011111111111110110011111111111
000001011111111111110110101111111111
000001011111111111110110111011111111
000001011111111111110110111101111111
000001011111111111110110111110111111
000001011111111111110110111111011111
000001011111111111110110111111101111
000001011111111111110110111111111011
000001011111111111110110111111111101
000001011111111111110111001111111111
000001011111111111110111011011111111
000001011111111111110111011101111111
000001011111111111110111011110111111
000001011111111111110111011111011111
000001011111111111110111011111101111
000001011111111111110111011111110111
000001011111111111110111011111111101
000001011111111111110111011111111110
000001011111111111110111100111111111
000001011111111111110111101011111111
000001011111111111110111101101111111
000001011111111111110111101111101111
000001011111111111110111101111110111
000001011111111111110111101111111101
000001011111111111110111110011111111
000001011111111111110111110101111111
000001011111111111110111110111011111
000001011111111111110111110111101111
000001011111111111110111110111111011
000001011111111111110111110111111101
000001011111111111110111110111111110
000001011111111111110111111010111111
000001011111111111110111111011111110
000001011111111111110111111100111111
000001011111111111110111111101101111
000001011111111111110111111101110111
000001011111111111110111111101111011
000001011111111111110111111101111101
000001011111111111110111111101111110
000001011111111111110111111110011111
000001011111111111110111111110101111
000001011111111111110111111110110111
000001011111111111110111111110111011
000001011111111111110111111110111101
000001011111111111110111111110111110
000001011111111111110111111111001111
000001011111111111110111111111010111
000001011111111111110111111111011011
000001011111111111110111111111011101
000001011111111111110111111111011110
000001011111111111110111111111101011
000001011111111111110111111111101101
000001011111111111110111111111101110
000001011111111111110111111111110101
000001011111111111110111111111111001
000001011111111111110111111111111010
000001011111111111110111111111111100
000001011111111111111000111111111111
000001011111111111111001110111111111
000001011111111111111001111011111111
000001011111111111111001111101111111
000001011111111111111001111111101111
000001011111111111111001111111111011
000001011111111111111001111111111101
000001011111111111111010011111111111
000001011111111111111010110111111111
000001011111111111111010111011111111
000001011111111111111010111101111111
000001011111111111111010111110111111
000001011111111111111010111111011111
000001011111111111111010111111101111
000001011111111111111010111111110111
000001011111111111111010111111111011
000001011111111111111011010111111111
000001011111111111111011011011111111
000001011111111111111011011101111111
000001011111111111111011011110111111
000001011111111111111011011111101111
000001011111111111111011011111111110
000001011111111111111011100111111111
000001011111111111111011101011111111
000001011111111111111011101101111111
000001011111111111111011101110111111
000001011111111111111011101111101111
000001011111111111111011101111111011
000001011111111111111011101111111101
000001011111111111111011110011111111
000001011111111111111011110101111111
000001011111111111111011110110111111
000001011111111111111011110111011111
000001011111111111111011110111101111
000001011111111111111011110111110111
000001011111111111111011110111111101
000001011111111111111011110111111110
000001011111111111111011111001111111
000001011111111111111011111010111111
000001011111111111111011111011011111
000001011111111111111011111011101111
000001011111111111111011111011111011
000001011111111111111011111011111101
000001011111111111111011111101011111
000001011111111111111011111101101111
000001011111111111111011111101111011
000001011111111111111011111101111110
000001011111111111111011111110101111
000001011111111111111011111110110111
000001011111111111111011111110111101
000001011111111111111011111110111110
000001011111111111111011111111001111
000001011111111111111011111111010111
000001011111111111111011111111011101
000001011111111111111011111111100111
000001011111111111111011111111101011
000001011111111111111011111111101110
000001011111111111111011111111110101
000001011111111111111011111111110110
000001011111111111111011111111111001
000001011111111111111011111111111010
000001011111111111111011111111111100
000001011111111111111100011111111111
000001011111111111111100101111111111
000001011111111111111100110111111111
000001011111111111111100111011111111
000001011111111111111100111101111111
000001011111111111111100111110111111
000001011111111111111100111111101111
000001011111111111111100111111111101
000001011111111111111100111111111110
000001011111111111111101001111111111
000001011111111111111101011101111111
000001011111111111111101011110111111
000001011111111111111101011111101111
000001011111111111111101011111110111
000001011111111111111101011111111011
000001011111111111111101011111111101
000001011111111111111101011111111110
000001011111111111111101100111111111
000001011111111111111101101101111111
000001011111111111111101101111011111
000001011111111111111101101111101111
000001011111111111111101101111110111
000001011111111111111101101111111011
000001011111111111111101101111111101
000001011111111111111101101111111110
000001011111111111111101110101111111
000001011111111111111101110110111111
000001011111111111111101110111101111
000001011111111111111101110111110111
000001011111111111111101110111111011
000001011111111111111101110111111101
000001011111111111111101110111111110
000001011111111111111101111001111111
000001011111111111111101111011011111
000001011111111111111101111011101111
000001011111111111111101111011110111
000001011111111111111101111011111011
000001011111111111111101111100111111
000001011111111111111101111101011111
000001011111111111111101111101101111
000001011111111111111101111101111011
000001011111111111111101111101111101
000001011111111111111101111101111110
000001011111111111111101111110011111
000001011111111111111101111110101111
000001011111111111111101111110110111
000001011111111111111101111110111011
000001011111111111111101111110111101
000001011111111111111101111110111110
000001011111111111111101111111001111
000001011111111111111101111111010111
000001011111111111111101111111011011
000001011111111111111101111111011101
000001011111111111111101111111011110
000001011111111111111101111111100111
000001011111111111111101111111101011
000001011111111111111101111111101101
000001011111111111111101111111110011
000001011111111111111101111111110101
000001011111111111111101111111110110
000001011111111111111101111111111100
000001011111111111111110010111111111
000001011111111111111110011101111111
000001011111111111111110011110111111
000001011111111111111110011111011111
000001011111111111111110011111101111
000001011111111111111110011111110111
000001011111111111111110011111111011
000001011111111111111110011111111110
000001011111111111111110101011111111
000001011111111111111110101101111111
000001011111111111111110101111110111
000001011111111111111110101111111011
000001011111111111111110101111111101
000001011111111111111110110011111111
000001011111111111111110110110111111
000001011111111111111110110111101111
000001011111111111111110110111110111
000001011111111111111110110111111011
000001011111111111111110110111111101
000001011111111111111110110111111110
000001011111111111111110111001111111
000001011111111111111110111010111111
000001011111111111111110111011011111
000001011111111111111110111011101111
000001011111111111111110111011110111
000001011111111111111110111011111011
000001011111111111111110111100111111
000001011111111111111110111101011111
000001011111111111111110111101111011
000001011111111111111110111101111110
000001011111111111111110111110011111
000001011111111111111110111110101111
000001011111111111111110111110111011
000001011111111111111110111110111110
000001011111111111111110111111001111
000001011111111111111110111111011101
000001011111111111111110111111011110
000001011111111111111110111111100111
000001011111111111111110111111101011
000001011111111111111110111111101101
000001011111111111111110111111101110
000001011111111111111110111111110011
000001011111111111111110111111110101
000001011111111111111110111111110110
000001011111111111111110111111111001
000001011111111111111110111111111010
000001011111111111111110111111111100
000001011111111111111111000111111111
000001011111111111111111001011111111
000001011111111111111111001101111111
000001011111111111111111001110111111
000001011111111111111111001111011111
000001011111111111111111001111101111
000001011111111111111111001111110111
000001011111111111111111001111111110
000001011111111111111111010011111111
000001011111111111111111010101111111
000001011111111111111111010111011111
000001011111111111111111010111101111
000001011111111111111111010111110111
000001011111111111111111010111111011
000001011111111111111111010111111110
000001011111111111111111011001111111
000001011111111111111111011011011111
000001011111111111111111011011111101
000001011111111111111111011100111111
000001011111111111111111011101110111
000001011111111111111111011101111101
000001011111111111111111011101111110
000001011111111111111111011110101111
000001011111111111111111011110110111
000001011111111111111111011110111011
000001011111111111111111011110111101
000001011111111111111111011110111110
000001011111111111111111011111011011
000001011111111111111111011111011101
000001011111111111111111011111011110
000001011111111111111111011111100111
000001011111111111111111011111101011
000001011111111111111111011111101101
000001011111111111111111011111101110
000001011111111111111111011111110011
000001011111111111111111011111110101
000001011111111111111111011111110110
000001011111111111111111011111111001
000001011111111111111111011111111010
000001011111111111111111011111111100
000001011111111111111111100011111111
000001011111111111111111100101111111
000001011111111111111111100110111111
000001011111111111111111100111011111
000001011111111111111111100111101111
000001011111111111111111100111110111
000001011111111111111111100111111011
000001011111111111111111100111111101
000001011111111111111111100111111110
000001011111111111111111101001111111
000001011111111111111111101010111111
000001011111111111111111101011101111
000001011111111111111111101011111011
000001011111111111111111101011111101
000001011111111111111111101100111111
000001011111111111111111101101101111
000001011111111111111111101101110111
000001011111111111111111101101111011
000001011111111111111111101101111110
000001011111111111111111101110011111
000001011111111111111111101110101111
000001011111111111111111101110111011
000001011111111111111111101110111101
000001011111111111111111101111001111
000001011111111111111111101111011011
000001011111111111111111101111011101
000001011111111111111111101111101011
000001011111111111111111101111101101
000001011111111111111111101111110011
000001011111111111111111101111111010
000001011111111111111111101111111100
000001011111111111111111110010111111
000001011111111111111111110011110111
000001011111111111111111110011111011
000001011111111111111111110011111101
000001011111111111111111110100111111
000001011111111111111111110101011111
000001011111111111111111110101110111
000001011111111111111111110101111011
000001011111111111111111110101111101
000001011111111111111111110110101111
000001011111111111111111110110110111
000001011111111111111111110110111011
000001011111111111111111110110111101
000001011111111111111111110110111110
000001011111111111111111110111001111
000001011111111111111111110111010111
000001011111111111111111110111011110
000001011111111111111111110111100111
000001011111111111111111110111101011
000001011111111111111111110111101101
000001011111111111111111110111101110
000001011111111111111111110111110011
000001011111111111111111110111111010
000001011111111111111111111000111111
000001011111111111111111111001011111
000001011111111111111111111001101111
000001011111111111111111111001110111
000001011111111111111111111001111101
000001011111111111111111111001111110
000001011111111111111111111010011111
000001011111111111111111111010101111
000001011111111111111111111010110111
000001011111111111111111111010111011
000001011111111111111111111010111101
000001011111111111111111111010111110
000001011111111111111111111011001111
000001011111111111111111111011010111
000001011111111111111111111011011011
000001011111111111111111111011011110
000001011111111111111111111011100111
000001011111111111111111111011101011
000001011111111111111111111011101101
000001011111111111111111111011101110
000001011111111111111111111011110011
000001011111111111111111111011110101
000001011111111111111111111011110110
000001011111111111111111111011111001
000001011111111111111111111011111010
000001011111111111111111111100110111
000001011111111111111111111100111011
000001011111111111111111111100111110
000001011111111111111111111101011110
000001011111111111111111111101100111
000001011111111111111111111101101101
000001011111111111111111111101110011
000001011111111111111111111101110101
000001011111111111111111111101110110
000001011111111111111111111101111001
000001011111111111111111111101111010
000001011111111111111111111101111100
000001011111111111111111111110001111
000001011111111111111111111110010111
000001011111111111111111111110011101
000001011111111111111111111110011110
000001011111111111111111111110100111
000001011111111111111111111110101110
000001011111111111111111111110110011
000001011111111111111111111110110101
000001011111111111111111111110110110
000001011111111111111111111110111001
000001011111111111111111111110111010
000001011111111111111111111111000111
000001011111111111111111111111001011
000001011111111111111111111111001110
000001011111111111111111111111010101
000001011111111111111111111111010110
000001011111111111111111111111011001
000001011111111111111111111111011010
000001011111111111111111111111011100
000001011111111111111111111111100011
000001011111111111111111111111100110
000001011111111111111111111111101010
000001011111111111111111111111101100
000001011111111111111111111111110001
000001011111111111111111111111110100
000001100001111111111111111111111111
000001100010111111111111111111111111
000001100011011111111111111111111111
000001100011101111111111111111111111
000001100011110111111111111111111111
000001100011111011111111111111111111
000001100011111101111111111111111111
000001100011111110111111111111111111
000001100011111111011111111111111111
000001100011111111101111111111111111
000001100011111111110111111111111111
000001100011111111111011111111111111
000001100011111111111101111111111111
000001100011111111111110111111111111
000001100011111111111111011111111111
000001100011111111111111101111111111
000001100011111111111111110111111111
000001100011111111111111111011111111
000001100011111111111111111101111111
000001100011111111111111111110111111
000001100011111111111111111111011111
000001100011111111111111111111101111
000001100011111111111111111111110111
000001100011111111111111111111111011
000001100011111111111111111111111101
000001100011111111111111111111111110
000001100100111111111111111111111111
000001100101011111111111111111111111
000001100101101111111111111111111111
000001100101110111111111111111111111
000001100101111011111111111111111111
000001100101111101111111111111111111
000001100101111110111111111111111111
000001100101111111011111111111111111
000001100101111111101111111111111111
000001100101111111110111111111111111
000001100101111111111011111111111111
000001100101111111111101111111111111
000001100101111111111110111111111111
000001100101111111111111011111111111
000001100101111111111111101111111111
000001100101111111111111110111111111
000001100101111111111111111011111111
000001100101111111111111111101111111
000001100101111111111111111110111111
000001100101111111111111111111011111
000001100101111111111111111111101111
000001100101111111111111111111110111
000001100101111111111111111111111011
000001100101111111111111111111111101
000001100101111111111111111111111110
000001100110011111111111111111111111
000001100110101111111111111111111111
000001100110110111111111111111111111
000001100110111011111111111111111111
000001100110111101111111111111111111
000001100110111110111111111111111111
000001100110111111011111111111111111
000001100110111111101111111111111111
000001100110111111110111111111111111
000001100110111111111011111111111111
000001100110111111111101111111111111
000001100110111111111110111111111111
000001100110111111111111011111111111
000001100110111111111111101111111111
000001100110111111111111110111111111
000001100110111111111111111011111111
000001100110111111111111111101111111
000001100110111111111111111110111111
000001100110111111111111111111011111
000001100110111111111111111111101111
000001100110111111111111111111110111
000001100110111111111111111111111011
000001100110111111111111111111111101
000001100110111111111111111111111110
000001100111001111111111111111111111
000001100111010111111111111111111111
000001100111011011111111111111111111
000001100111011101111111111111111111
000001100111011110111111111111111111
000001100111011111011111111111111111
000001100111011111101111111111111111
000001100111011111110111111111111111
000001100111011111111011111111111111
000001100111011111111101111111111111
000001100111011111111110111111111111
000001100111011111111111011111111111
000001100111011111111111101111111111
000001100111011111111111110111111111
000001100111011111111111111011111111
000001100111011111111111111101111111
000001100111011111111111111110111111
000001100111011111111111111111011111
000001100111011111111111111111101111
000001100111011111111111111111110111
000001100111011111111111111111111011
000001100111011111111111111111111101
000001100111011111111111111111111110
000001100111100111111111111111111111
000001100111101011111111111111111111
000001100111101101111111111111111111
000001100111101110111111111111111111
000001100111101111011111111111111111
000001100111101111101111111111111111
000001100111101111110111111111111111
000001100111101111111011111111111111
000001100111101111111101111111111111
000001100111101111111110111111111111
000001100111101111111111011111111111
000001100111101111111111101111111111
000001100111101111111111110111111111
000001100111101111111111111011111111
000001100111101111111111111101111111
000001100111101111111111111110111111
000001100111101111111111111111011111
000001100111101111111111111111101111
000001100111101111111111111111110111
000001100111101111111111111111111011
000001100111101111111111111111111101
000001100111101111111111111111111110
000001100111110011111111111111111111
000001100111110101111111111111111111
000001100111110110111111111111111111
000001100111110111011111111111111111
000001100111110111101111111111111111
000001100111110111110111111111111111
000001100111110111111011111111111111
000001100111110111111101111111111111
000001100111110111111110111111111111
000001100111110111111111011111111111
000001100111110111111111101111111111
000001100111110111111111110111111111
000001100111110111111111111011111111
000001100111110111111111111101111111
000001100111110111111111111110111111
000001100111110111111111111111011111
000001100111110111111111111111101111
000001100111110111111111111111110111
000001100111110111111111111111111011
000001100111110111111111111111111101
000001100111110111111111111111111110
000001100111111001111111111111111111
000001100111111010111111111111111111
000001100111111011011111111111111111
000001100111111011101111111111111111
000001100111111011110111111111111111
000001100111111011111011111111111111
000001100111111011111101111111111111
000001100111111011111110111111111111
000001100111111011111111011111111111
000001100111111011111111101111111111
000001100111111011111111110111111111
000001100111111011111111111011111111
000001100111111011111111111101111111
000001100111111011111111111110111111
000001100111111011111111111111011111
000001100111111011111111111111101111
000001100111111011111111111111110111
000001100111111011111111111111111011
000001100111111011111111111111111101
000001100111111011111111111111111110
000001100111111100111111111111111111
000001100111111101011111111111111111
000001100111111101101111111111111111
000001100111111101110111111111111111
000001100111111101111011111111111111
000001100111111101111101111111111111
000001100111111101111110111111111111
000001100111111101111111011111111111
000001100111111101111111101111111111
000001100111111101111111110111111111
000001100111111101111111111011111111
000001100111111101111111111101111111
000001100111111101111111111110111111
000001100111111101111111111111011111
000001100111111101111111111111101111
000001100111111101111111111111110111
000001100111111101111111111111111011
000001100111111101111111111111111101
000001100111111101111111111111111110
000001100111111110011111111111111111
000001100111111110101111111111111111
000001100111111110110111111111111111
000001100111111110111011111111111111
000001100111111110111101111111111111
000001100111111110111110111111111111
000001100111111110111111011111111111
000001100111111110111111101111111111
000001100111111110111111110111111111
000001100111111110111111111011111111
000001100111111110111111111101111111
000001100111111110111111111110111111
000001100111111110111111111111011111
000001100111111110111111111111101111
000001100111111110111111111111110111
000001100111111110111111111111111011
000001100111111110111111111111111101
000001100111111110111111111111111110
000001100111111111001111111111111111
000001100111111111010111111111111111
000001100111111111011011111111111111
000001100111111111011101111111111111
000001100111111111011110111111111111
000001100111111111011111011111111111
000001100111111111011111101111111111
000001100111111111011111110111111111
000001100111111111011111111011111111
000001100111111111011111111101111111
000001100111111111011111111110111111
000001100111111111011111111111011111
000001100111111111011111111111101111
000001100111111111011111111111110111
000001100111111111011111111111111011
000001100111111111011111111111111101
000001100111111111011111111111111110
000001100111111111100111111111111111
000001100111111111101011111111111111
000001100111111111101101111111111111
000001100111111111101110111111111111
000001100111111111101111011111111111
000001100111111111101111101111111111
000001100111111111101111110111111111
000001100111111111101111111011111111
000001100111111111101111111101111111
000001100111111111101111111110111111
000001100111111111101111111111011111
000001100111111111101111111111101111
000001100111111111101111111111110111
000001100111111111101111111111111011
000001100111111111101111111111111101
000001100111111111101111111111111110
000001100111111111110011111111111111
000001100111111111110101111111111111
000001100111111111110110111111111111
000001100111111111110111011111111111
000001100111111111110111101111111111
000001100111111111110111110111111111
000001100111111111110111111011111111
000001100111111111110111111101111111
000001100111111111110111111110111111
000001100111111111110111111111011111
000001100111111111110111111111101111
000001100111111111110111111111110111
000001100111111111110111111111111011
000001100111111111110111111111111101
000001100111111111110111111111111110
000001100111111111111001111111111111
000001100111111111111010111111111111
000001100111111111111011011111111111
000001100111111111111011101111111111
000001100111111111111011110111111111
000001100111111111111011111011111111
000001100111111111111011111101111111
000001100111111111111011111110111111
000001100111111111111011111111011111
000001100111111111111011111111101111
000001100111111111111011111111110111
000001100111111111111011111111111011
000001100111111111111011111111111101
000001100111111111111011111111111110
000001100111111111111100111111111111
000001100111111111111101011111111111
000001100111111111111101101111111111
000001100111111111111101110111111111
000001100111111111111101111011111111
000001100111111111111101111101111111
000001100111111111111101111110111111
000001100111111111111101111111011111
000001100111111111111101111111101111
000001100111111111111101111111110111
000001100111111111111101111111111011
000001100111111111111101111111111101
000001100111111111111101111111111110
000001100111111111111110011111111111
000001100111111111111110101111111111
000001100111111111111110110111111111
000001100111111111111110111011111111
000001100111111111111110111101111111
000001100111111111111110111110111111
000001100111111111111110111111011111
000001100111111111111110111111101111
000001100111111111111110111111110111
000001100111111111111110111111111011
000001100111111111111110111111111101
000001100111111111111110111111111110
000001100111111111111111001111111111
000001100111111111111111010111111111
000001100111111111111111011011111111
000001100111111111111111011101111111
000001100111111111111111011110111111
000001100111111111111111011111011111
000001100111111111111111011111101111
000001100111111111111111011111110111
000001100111111111111111011111111011
000001100111111111111111011111111101
000001100111111111111111011111111110
000001100111111111111111100111111111
000001100111111111111111101011111111
000001100111111111111111101101111111
000001100111111111111111101110111111
000001100111111111111111101111011111
000001100111111111111111101111101111
000001100111111111111111101111110111
000001100111111111111111101111111011
000001100111111111111111101111111101
000001100111111111111111101111111110
000001100111111111111111110011111111
000001100111111111111111110101111111
000001100111111111111111110110111111
000001100111111111111111110111011111
000001100111111111111111110111101111
000001100111111111111111110111110111
000001100111111111111111110111111011
000001100111111111111111110111111101
000001100111111111111111110111111110
000001100111111111111111111001111111
000001100111111111111111111010111111
000001100111111111111111111011011111
000001100111111111111111111011101111
000001100111111111111111111011110111
000001100111111111111111111011111011
000001100111111111111111111011111101
000001100111111111111111111011111110
000001100111111111111111111100111111
000001100111111111111111111101011111
000001100111111111111111111101101111
000001100111111111111111111101110111
000001100111111111111111111101111011
000001100111111111111111111101111101
000001100111111111111111111101111110
000001100111111111111111111110011111
000001100111111111111111111110101111
000001100111111111111111111110110111
000001100111111111111111111110111011
000001100111111111111111111110111101
000001100111111111111111111110111110
000001100111111111111111111111001111
000001100111111111111111111111010111
000001100111111111111111111111011011
000001100111111111111111111111011101
000001100111111111111111111111011110
000001100111111111111111111111100111
000001100111111111111111111111101011
000001100111111111111111111111101101
000001100111111111111111111111101110
000001100111111111111111111111110011
000001100111111111111111111111110101
000001100111111111111111111111110110
000001100111111111111111111111111001
000001100111111111111111111111111010
000001100111111111111111111111111100
000001101000111111111111111111111111
000001101001011111111111111111111111
000001101001101111111111111111111111
000001101001110111111111111111111111
000001101001111011111111111111111111
000001101001111101111111111111111111
000001101001111110111111111111111111
000001101001111111011111111111111111
000001101001111111101111111111111111
000001101001111111110111111111111111
000001101001111111111011111111111111
000001101001111111111110111111111111
000001101001111111111111011111111111
000001101001111111111111101111111111
000001101001111111111111111011111111
000001101001111111111111111101111111
000001101001111111111111111110111111
000001101001111111111111111111101111
000001101001111111111111111111111101
000001101001111111111111111111111110
000001101010011111111111111111111111
000001101010110111111111111111111111
000001101010111011111111111111111111
000001101010111101111111111111111111
000001101010111111101111111111111111
000001101010111111110111111111111111
000001101010111111111011111111111111
000001101010111111111101111111111111
000001101010111111111111011111111111
000001101010111111111111101111111111
000001101010111111111111110111111111
000001101010111111111111111011111111
000001101010111111111111111101111111
000001101010111111111111111110111111
000001101010111111111111111111011111
000001101010111111111111111111110111
000001101010111111111111111111111011
000001101010111111111111111111111101
000001101010111111111111111111111110
000001101011001111111111111111111111
000001101011011011111111111111111111
000001101011011101111111111111111111
000001101011011110111111111111111111
000001101011011111011111111111111111
000001101011011111101111111111111111
000001101011011111110111111111111111
000001101011011111111101111111111111
000001101011011111111110111111111111
000001101011011111111111011111111111
000001101011011111111111101111111111
000001101011011111111111110111111111
000001101011011111111111111011111111
000001101011011111111111111110111111
000001101011011111111111111111011111
000001101011011111111111111111101111
000001101011011111111111111111110111
000001101011011111111111111111111011
000001101011011111111111111111111101
000001101011011111111111111111111110
000001101011100111111111111111111111
000001101011101101111111111111111111
000001101011101110111111111111111111
000001101011101111110111111111111111
000001101011101111111011111111111111
000001101011101111111111101111111111
000001101011101111111111110111111111
000001101011101111111111111101111111
000001101011101111111111111111101111
000001101011101111111111111111110111
000001101011101111111111111111111011
000001101011110110111111111111111111
000001101011110111011111111111111111
000001101011110111110111111111111111
000001101011110111111011111111111111
000001101011110111111101111111111111
000001101011110111111110111111111111
000001101011110111111111011111111111
000001101011110111111111111011111111
000001101011110111111111111101111111
000001101011110111111111111110111111
000001101011110111111111111111011111
000001101011110111111111111111101111
000001101011110111111111111111111011
000001101011110111111111111111111101
000001101011110111111111111111111110
000001101011111010111111111111111111
000001101011111011011111111111111111
000001101011111011101111111111111111
000001101011111011111101111111111111
000001101011111011111111011111111111
000001101011111011111111101111111111
000001101011111011111111110111111111
000001101011111011111111111011111111
000001101011111011111111111101111111
000001101011111011111111111110111111
000001101011111011111111111111011111
000001101011111011111111111111101111
000001101011111011111111111111111011
000001101011111011111111111111111110
000001101011111100111111111111111111
000001101011111101011111111111111111
000001101011111101101111111111111111
000001101011111101110111111111111111
000001101011111101111011111111111111
000001101011111101111101111111111111
000001101011111101111110111111111111
000001101011111101111111101111111111
000001101011111101111111111011111111
000001101011111101111111111101111111
000001101011111101111111111111011111
000001101011111101111111111111101111
000001101011111101111111111111110111
000001101011111101111111111111111011
000001101011111101111111111111111101
000001101011111110011111111111111111
000001101011111110101111111111111111
000001101011111110110111111111111111
000001101011111110111011111111111111
000001101011111110111110111111111111
000001101011111110111111110111111111
000001101011111110111111111011111111
000001101011111110111111111101111111
000001101011111110111111111110111111
000001101011111110111111111111011111
000001101011111110111111111111101111
000001101011111110111111111111110111
000001101011111110111111111111111011
000001101011111111001111111111111111
000001101011111111010111111111111111
000001101011111111011011111111111111
000001101011111111011101111111111111
000001101011111111011111011111111111
000001101011111111011111111110111111
000001101011111111011111111111101111
000001101011111111011111111111110111
000001101011111111011111111111111011
000001101011111111011111111111111101
000001101011111111011111111111111110
000001101011111111101011111111111111
000001101011111111101101111111111111
000001101011111111101111101111111111
000001101011111111101111111101111111
000001101011111111101111111111101111
000001101011111111101111111111110111
000001101011111111101111111111111011
000001101011111111101111111111111101
000001101011111111110011111111111111
000001101011111111110101111111111111
000001101011111111110111101111111111
000001101011111111110111110111111111
000001101011111111110111111011111111
000001101011111111110111111110111111
000001101011111111110111111111101111
000001101011111111110111111111111110
000001101011111111111010111111111111
000001101011111111111011011111111111
000001101011111111111011101111111111
000001101011111111111011111011111111
000001101011111111111011111101111111
000001101011111111111011111110111111
000001101011111111111011111111011111
000001101011111111111011111111110111
000001101011111111111011111111111101
000001101011111111111011111111111110
000001101011111111111100111111111111
000001101011111111111101011111111111
000001101011111111111101101111111111
000001101011111111111101111011111111
000001101011111111111101111110111111
000001101011111111111101111111011111
000001101011111111111101111111110111
000001101011111111111101111111111011
000001101011111111111101111111111101
000001101011111111111101111111111110
000001101011111111111110011111111111
000001101011111111111110101111111111
000001101011111111111110111101111111
000001101011111111111110111111101111
000001101011111111111110111111110111
000001101011111111111110111111111011
000001101011111111111110111111111101
000001101011111111111110111111111110
000001101011111111111111010111111111
000001101011111111111111011011111111
000001101011111111111111011110111111
000001101011111111111111011111110111
000001101011111111111111011111111110
000001101011111111111111101011111111
000001101011111111111111101111011111
000001101011111111111111101111101111
000001101011111111111111101111110111
000001101011111111111111101111111101
000001101011111111111111101111111110
000001101011111111111111110011111111
000001101011111111111111110110111111
000001101011111111111111110111011111
000001101011111111111111110111111101
000001101011111111111111110111111110
000001101011111111111111111001111111
000001101011111111111111111010111111
000001101011111111111111111011101111
000001101011111111111111111011110111
000001101011111111111111111011111011
000001101011111111111111111011111101
000001101011111111111111111011111110
000001101011111111111111111100111111
000001101011111111111111111101011111
000001101011111111111111111101101111
000001101011111111111111111101110111
000001101011111111111111111101111011
000001101011111111111111111101111101
000001101011111111111111111101111110
000001101011111111111111111111001111
000001101011111111111111111111011011
000001101011111111111111111111011110
000001101011111111111111111111100111
000001101011111111111111111111101011
000001101011111111111111111111101101
000001101011111111111111111111110011
000001101011111111111111111111110101
000001101011111111111111111111111001
000001101011111111111111111111111010
000001101011111111111111111111111100
000001101100101111111111111111111111
000001101100110111111111111111111111
000001101100111101111111111111111111
000001101100111110111111111111111111
000001101100111111110111111111111111
000001101100111111111011111111111111
000001101100111111111101111111111111
000001101100111111111110111111111111
000001101100111111111111011111111111
000001101100111111111111110111111111
000001101100111111111111111011111111
000001101100111111111111111110111111
000001101100111111111111111111011111
000001101100111111111111111111110111
000001101100111111111111111111111011
000001101100111111111111111111111101
000001101101001111111111111111111111
000001101101010111111111111111111111
000001101101011011111111111111111111
000001101101011101111111111111111111
000001101101011110111111111111111111
000001101101011111101111111111111111
000001101101011111110111111111111111
000001101101011111111011111111111111
000001101101011111111110111111111111
000001101101011111111111110111111111
000001101101011111111111111011111111
000001101101011111111111111101111111
000001101101011111111111111111111011
000001101101011111111111111111111101
000001101101100111111111111111111111
000001101101101011111111111111111111
000001101101101101111111111111111111
000001101101101110111111111111111111
000001101101101111011111111111111111
000001101101101111101111111111111111
000001101101101111111110111111111111
000001101101101111111111011111111111
000001101101101111111111101111111111
000001101101101111111111110111111111
000001101101101111111111111011111111
000001101101101111111111111101111111
000001101101101111111111111110111111
000001101101101111111111111111011111
000001101101101111111111111111101111
000001101101101111111111111111111101
000001101101101111111111111111111110
000001101101110011111111111111111111
000001101101110101111111111111111111
000001101101110110111111111111111111
000001101101110111011111111111111111
000001101101110111101111111111111111
000001101101110111110111111111111111
000001101101110111111011111111111111
000001101101110111111101111111111111
000001101101110111111110111111111111
000001101101110111111111011111111111
000001101101110111111111101111111111
000001101101110111111111110111111111
000001101101110111111111111011111111
000001101101110111111111111101111111
000001101101110111111111111111011111
000001101101110111111111111111110111
000001101101110111111111111111111011
000001101101110111111111111111111110
000001101101111001111111111111111111
000001101101111010111111111111111111
000001101101111011011111111111111111
000001101101111011101111111111111111
000001101101111011111011111111111111
000001101101111011111101111111111111
000001101101111011111110111111111111
000001101101111011111111101111111111
000001101101111011111111110111111111
000001101101111011111111111101111111
000001101101111011111111111111011111
000001101101111011111111111111110111
000001101101111011111111111111111011
000001101101111011111111111111111101
000001101101111011111111111111111110
000001101101111100111111111111111111
000001101101111101101111111111111111
000001101101111101110111111111111111
000001101101111101111011111111111111
000001101101111101111111101111111111
000001101101111101111111111011111111
000001101101111101111111111101111111
000001101101111101111111111110111111
000001101101111101111111111111011111
000001101101111101111111111111101111
000001101101111101111111111111111011
000001101101111101111111111111111110
000001101101111110011111111111111111
000001101101111110101111111111111111
000001101101111110110111111111111111
000001101101111110111011111111111111
000001101101111110111111011111111111
000001101101111110111111110111111111
000001101101111110111111111011111111
000001101101111110111111111101111111
000001101101111110111111111111011111
000001101101111110111111111111101111
000001101101111110111111111111110111
000001101101111110111111111111111101
000001101101111110111111111111111110
000001101101111111001111111111111111
000001101101111111010111111111111111
000001101101111111011011111111111111
000001101101111111011110111111111111
000001101101111111011111011111111111
000001101101111111011111101111111111
000001101101111111011111110111111111
000001101101111111011111111011111111
000001101101111111011111111110111111
000001101101111111011111111111011111
000001101101111111011111111111101111
000001101101111111011111111111110111
000001101101111111011111111111111101
000001101101111111011111111111111110
000001101101111111100111111111111111
000001101101111111101011111111111111
000001101101111111101111011111111111
000001101101111111101111101111111111
000001101101111111101111110111111111
000001101101111111101111111011111111
000001101101111111101111111101111111
000001101101111111101111111111011111
000001101101111111101111111111101111
000001101101111111101111111111110111
000001101101111111101111111111111101
000001101101111111110011111111111111
000001101101111111110101111111111111
000001101101111111110110111111111111
000001101101111111110111011111111111
000001101101111111110111111011111111
000001101101111111110111111101111111
000001101101111111110111111111011111
000001101101111111110111111111101111
000001101101111111110111111111110111
000001101101111111110111111111111011
000001101101111111110111111111111110
000001101101111111111001111111111111
000001101101111111111011110111111111
000001101101111111111011111011111111
000001101101111111111011111101111111
000001101101111111111011111110111111
000001101101111111111011111111011111
000001101101111111111011111111111101
000001101101111111111101110111111111
000001101101111111111101111011111111
000001101101111111111101111101111111
000001101101111111111101111110111111
000001101101111111111101111111110111
000001101101111111111101111111111110
000001101101111111111110011111111111
000001101101111111111110101111111111
000001101101111111111110110111111111
000001101101111111111110111011111111
000001101101111111111110111101111111
000001101101111111111110111110111111
000001101101111111111110111111011111
000001101101111111111110111111110111
000001101101111111111110111111111011
000001101101111111111110111111111110
000001101101111111111111001111111111
000001101101111111111111010111111111
000001101101111111111111011110111111
000001101101111111111111011111101111
000001101101111111111111011111110111
000001101101111111111111011111111011
000001101101111111111111100111111111
000001101101111111111111101011111111
000001101101111111111111101110111111
000001101101111111111111101111011111
000001101101111111111111101111101111
000001101101111111111111101111110111
000001101101111111111111101111111011
000001101101111111111111101111111101
000001101101111111111111101111111110
000001101101111111111111110011111111
000001101101111111111111110101111111
000001101101111111111111110110111111
000001101101111111111111110111101111
000001101101111111111111110111111011
000001101101111111111111111001111111
000001101101111111111111111010111111
000001101101111111111111111011011111
000001101101111111111111111011101111
000001101101111111111111111011111011
000001101101111111111111111011111101
000001101101111111111111111011111110
000001101101111111111111111100111111
000001101101111111111111111101011111
000001101101111111111111111101101111
000001101101111111111111111101110111
000001101101111111111111111101111101
000001101101111111111111111101111110
000001101101111111111111111110101111
000001101101111111111111111110110111
000001101101111111111111111110111011
000001101101111111111111111110111101
000001101101111111111111111110111110
000001101101111111111111111111001111
000001101101111111111111111111010111
000001101101111111111111111111011101
000001101101111111111111111111011110
000001101101111111111111111111101011
000001101101111111111111111111101101
000001101101111111111111111111101110
000001101101111111111111111111110011
000001101101111111111111111111110110
000001101101111111111111111111111001
000001101101111111111111111111111010
000001101110001111111111111111111111
000001101110010111111111111111111111
000001101110011011111111111111111111
000001101110011101111111111111111111
000001101110011111011111111111111111
000001101110011111110111111111111111
000001101110011111111101111111111111
000001101110011111111110111111111111
000001101110011111111111011111111111
000001101110011111111111101111111111
000001101110011111111111110111111111
000001101110011111111111111011111111
000001101110011111111111111111011111
000001101110011111111111111111101111
000001101110011111111111111111110111
000001101110011111111111111111111011
000001101110011111111111111111111101
000001101110100111111111111111111111
000001101110101011111111111111111111
000001101110101101111111111111111111
000001101110101110111111111111111111
000001101110101111101111111111111111
000001101110101111110111111111111111
000001101110101111111011111111111111
000001101110101111111110111111111111
000001101110101111111111011111111111
000001101110101111111111101111111111
000001101110101111111111111011111111
000001101110101111111111111101111111
000001101110101111111111111110111111
000001101110101111111111111111101111
000001101110101111111111111111110111
000001101110101111111111111111111011
000001101110101111111111111111111110
000001101110110101111111111111111111
000001101110110111011111111111111111
000001101110110111101111111111111111
000001101110110111111011111111111111
000001101110110111111101111111111111
000001101110110111111111011111111111
000001101110110111111111101111111111
000001101110110111111111110111111111
000001101110110111111111111110111111
000001101110110111111111111111101111
000001101110110111111111111111111011
000001101110110111111111111111111101
000001101110110111111111111111111110
000001101110111001111111111111111111
000001101110111010111111111111111111
000001101110111011101111111111111111
000001101110111011111011111111111111
000001101110111011111101111111111111
000001101110111011111110111111111111
000001101110111011111111011111111111
000001101110111011111111101111111111
000001101110111011111111110111111111
000001101110111011111111111110111111
000001101110111011111111111111011111
000001101110111011111111111111101111
000001101110111011111111111111111011
000001101110111100111111111111111111
000001101110111101101111111111111111
000001101110111101110111111111111111
000001101110111101111011111111111111
000001101110111101111111101111111111
000001101110111101111111110111111111
000001101110111101111111111011111111
000001101110111101111111111110111111
000001101110111101111111111111011111
000001101110111101111111111111101111
000001101110111101111111111111111011
000001101110111101111111111111111101
000001101110111101111111111111111110
000001101110111110011111111111111111
000001101110111110111110111111111111
000001101110111110111111011111111111
000001101110111110111111101111111111
000001101110111110111111110111111111
000001101110111110111111111101111111
000001101110111110111111111111011111
000001101110111110111111111111101111
000001101110111110111111111111110111
000001101110111110111111111111111011
000001101110111110111111111111111101
000001101110111110111111111111111110
000001101110111111001111111111111111
000001101110111111010111111111111111
000001101110111111011011111111111111
000001101110111111011101111111111111
000001101110111111011110111111111111
000001101110111111011111011111111111
000001101110111111011111110111111111
000001101110111111011111111011111111
000001101110111111011111111101111111
000001101110111111011111111110111111
000001101110111111011111111111011111
000001101110111111011111111111101111
000001101110111111011111111111111011
000001101110111111011111111111111101
000001101110111111011111111111111110
000001101110111111101011111111111111
000001101110111111101101111111111111
000001101110111111101110111111111111
000001101110111111101111011111111111
000001101110111111101111101111111111
000001101110111111101111110111111111
000001101110111111101111111011111111
000001101110111111101111111101111111
000001101110111111101111111110111111
000001101110111111101111111111011111
000001101110111111101111111111101111
000001101110111111101111111111110111
000001101110111111101111111111111011
000001101110111111101111111111111101
000001101110111111101111111111111110
000001101110111111110011111111111111
000001101110111111110101111111111111
000001101110111111110110111111111111
000001101110111111110111011111111111
000001101110111111110111101111111111
000001101110111111110111110111111111
000001101110111111110111111011111111
000001101110111111110111111101111111
000001101110111111110111111110111111
000001101110111111110111111111011111
000001101110111111110111111111110111
000001101110111111110111111111111011
000001101110111111110111111111111101
000001101110111111110111111111111110
000001101110111111111001111111111111
000001101110111111111011011111111111
000001101110111111111011110111111111
000001101110111111111011111011111111
000001101110111111111011111110111111
000001101110111111111011111111011111
000001101110111111111011111111110111
000001101110111111111011111111111011
000001101110111111111011111111111110
000001101110111111111100111111111111
000001101110111111111101011111111111
000001101110111111111101101111111111
000001101110111111111101110111111111
000001101110111111111101111011111111
000001101110111111111101111111011111
000001101110111111111101111111101111
000001101110111111111101111111111011
000001101110111111111101111111111101
000001101110111111111110011111111111
000001101110111111111110101111111111
000001101110111111111110110111111111
000001101110111111111110111011111111
000001101110111111111110111101111111
000001101110111111111110111110111111
000001101110111111111110111111011111
000001101110111111111110111111101111
000001101110111111111110111111111101
000001101110111111111110111111111110
000001101110111111111111001111111111
000001101110111111111111011101111111
000001101110111111111111011110111111
000001101110111111111111011111011111
000001101110111111111111011111101111
000001101110111111111111011111110111
000001101110111111111111011111111011
000001101110111111111111011111111101
000001101110111111111111011111111110
000001101110111111111111101011111111
000001101110111111111111101110111111
000001101110111111111111101111011111
000001101110111111111111101111111011
000001101110111111111111101111111101
000001101110111111111111110011111111
000001101110111111111111110101111111
000001101110111111111111110110111111
000001101110111111111111110111011111
000001101110111111111111110111110111
000001101110111111111111110111111011
000001101110111111111111110111111101
000001101110111111111111111001111111
000001101110111111111111111010111111
000001101110111111111111111011011111
000001101110111111111111111011101111
000001101110111111111111111011111011
000001101110111111111111111011111101
000001101110111111111111111100111111
000001101110111111111111111101101111
000001101110111111111111111101110111
000001101110111111111111111101111110
000001101110111111111111111110011111
000001101110111111111111111110101111
000001101110111111111111111110110111
000001101110111111111111111110111011
000001101110111111111111111110111101
000001101110111111111111111110111110
000001101110111111111111111111001111
000001101110111111111111111111010111
000001101110111111111111111111011101
000001101110111111111111111111100111
000001101110111111111111111111101011
000001101110111111111111111111101101
000001101110111111111111111111101110
000001101110111111111111111111110011
000001101110111111111111111111110101
000001101110111111111111111111110110
000001101110111111111111111111111001
000001101110111111111111111111111010
000001101110111111111111111111111100
000001101111000111111111111111111111
000001101111001011111111111111111111
000001101111001101111111111111111111
000001101111001110111111111111111111
000001101111001111101111111111111111
000001101111001111110111111111111111
000001101111001111111011111111111111
000001101111001111111101111111111111
000001101111001111111110111111111111
000001101111001111111111110111111111
000001101111001111111111111011111111
000001101111001111111111111111011111
000001101111001111111111111111101111
000001101111001111111111111111110111
000001101111001111111111111111111011
000001101111001111111111111111111101
000001101111001111111111111111111110
000001101111010011111111111111111111
000001101111010101111111111111111111
000001101111010110111111111111111111
000001101111010111011111111111111111
000001101111010111110111111111111111
000001101111010111111101111111111111
000001101111010111111111101111111111
000001101111010111111111110111111111
000001101111010111111111111011111111
000001101111010111111111111101111111
000001101111010111111111111110111111
000001101111010111111111111111011111
000001101111010111111111111111101111
000001101111010111111111111111110111
000001101111010111111111111111111011
000001101111010111111111111111111101
000001101111010111111111111111111110
000001101111011001111111111111111111
000001101111011010111111111111111111
000001101111011011101111111111111111
000001101111011011110111111111111111
000001101111011011111011111111111111
000001101111011011111101111111111111
000001101111011011111110111111111111
000001101111011011111111101111111111
000001101111011011111111110111111111
000001101111011011111111111101111111
000001101111011011111111111111111011
000001101111011011111111111111111101
000001101111011011111111111111111110
000001101111011100111111111111111111
000001101111011101011111111111111111
000001101111011101110111111111111111
000001101111011101111011111111111111
000001101111011101111101111111111111
000001101111011101111111011111111111
000001101111011101111111101111111111
000001101111011101111111110111111111
000001101111011101111111111011111111
000001101111011101111111111101111111
000001101111011101111111111110111111
000001101111011101111111111111101111
000001101111011101111111111111110111
000001101111011101111111111111111011
000001101111011101111111111111111101
000001101111011101111111111111111110
000001101111011110011111111111111111
000001101111011110101111111111111111
000001101111011110110111111111111111
000001101111011110111101111111111111
000001101111011110111110111111111111
000001101111011110111111101111111111
000001101111011110111111110111111111
000001101111011110111111111011111111
000001101111011110111111111101111111
000001101111011110111111111111101111
000001101111011110111111111111110111
000001101111011110111111111111111011
000001101111011110111111111111111101
000001101111011111001111111111111111
000001101111011111011011111111111111
000001101111011111011110111111111111
000001101111011111011111011111111111
000001101111011111011111111101111111
000001101111011111011111111110111111
000001101111011111011111111111101111
000001101111011111011111111111110111
000001101111011111011111111111111011
000001101111011111011111111111111110
000001101111011111100111111111111111
000001101111011111101111011111111111
000001101111011111101111110111111111
000001101111011111101111111011111111
000001101111011111101111111110111111
000001101111011111101111111111011111
000001101111011111101111111111101111
000001101111011111101111111111110111
000001101111011111101111111111111011
000001101111011111101111111111111101
000001101111011111110011111111111111
000001101111011111110110111111111111
000001101111011111110111011111111111
000001101111011111110111101111111111
000001101111011111110111111101111111
000001101111011111110111111110111111
000001101111011111110111111111011111
000001101111011111110111111111101111
000001101111011111110111111111111011
000001101111011111110111111111111101
000001101111011111110111111111111110
000001101111011111111001111111111111
000001101111011111111011011111111111
000001101111011111111011110111111111
000001101111011111111011111011111111
000001101111011111111011111101111111
000001101111011111111011111110111111
000001101111011111111011111111011111
000001101111011111111011111111101111
000001101111011111111011111111110111
000001101111011111111011111111111110
000001101111011111111101011111111111
000001101111011111111101101111111111
000001101111011111111101110111111111
000001101111011111111101111011111111
000001101111011111111101111101111111
000001101111011111111101111110111111
000001101111011111111101111111011111
000001101111011111111101111111101111
000001101111011111111101111111110111
000001101111011111111101111111111011
000001101111011111111110011111111111
000001101111011111111110101111111111
000001101111011111111110110111111111
000001101111011111111110111011111111
000001101111011111111110111101111111
000001101111011111111110111110111111
000001101111011111111110111111011111
000001101111011111111110111111110111
000001101111011111111110111111111011
000001101111011111111110111111111101
000001101111011111111110111111111110
000001101111011111111111001111111111
000001101111011111111111010111111111
000001101111011111111111011011111111
000001101111011111111111011101111111
000001101111011111111111011110111111
000001101111011111111111011111011111
000001101111011111111111011111101111
000001101111011111111111011111110111
000001101111011111111111011111111011
000001101111011111111111011111111101
000001101111011111111111011111111110
000001101111011111111111100111111111
000001101111011111111111101101111111
000001101111011111111111101110111111
000001101111011111111111101111011111
000001101111011111111111101111101111
000001101111011111111111101111110111
000001101111011111111111101111111011
000001101111011111111111101111111101
000001101111011111111111110101111111
000001101111011111111111110111011111
000001101111011111111111110111101111
000001101111011111111111110111110111
000001101111011111111111110111111101
000001101111011111111111111001111111
000001101111011111111111111010111111
000001101111011111111111111011011111
000001101111011111111111111011101111
000001101111011111111111111011111011
000001101111011111111111111011111101
000001101111011111111111111011111110
000001101111011111111111111100111111
000001101111011111111111111101011111
000001101111011111111111111101110111
000001101111011111111111111101111101
000001101111011111111111111101111110
000001101111011111111111111110101111
000001101111011111111111111110110111
000001101111011111111111111110111101
000001101111011111111111111110111110
000001101111011111111111111111001111
000001101111011111111111111111010111
000001101111011111111111111111011011
000001101111011111111111111111011101
000001101111011111111111111111101101
000001101111011111111111111111101110
000001101111011111111111111111110101
000001101111011111111111111111110110
000001101111011111111111111111111001
000001101111011111111111111111111010
000001101111100011111111111111111111
000001101111100101111111111111111111
000001101111100111101111111111111111
000001101111100111111011111111111111
000001101111100111111110111111111111
000001101111100111111111011111111111
000001101111100111111111101111111111
000001101111100111111111110111111111
000001101111100111111111111011111111
000001101111100111111111111101111111
000001101111100111111111111110111111
000001101111100111111111111111101111
000001101111100111111111111111110111
000001101111100111111111111111111011
000001101111100111111111111111111101
000001101111101001111111111111111111
000001101111101010111111111111111111
000001101111101011011111111111111111
000001101111101011101111111111111111
000001101111101011110111111111111111
000001101111101011111011111111111111
000001101111101011111101111111111111
000001101111101011111110111111111111
000001101111101011111111011111111111
000001101111101011111111101111111111
000001101111101011111111111011111111
000001101111101011111111111101111111
000001101111101011111111111110111111
000001101111101011111111111111101111
000001101111101011111111111111110111
000001101111101011111111111111111011
000001101111101011111111111111111101
000001101111101011111111111111111110
000001101111101100111111111111111111
000001101111101101111011111111111111
000001101111101101111110111111111111
000001101111101101111111011111111111
000001101111101101111111101111111111
000001101111101101111111110111111111
000001101111101101111111111101111111
000001101111101101111111111110111111
000001101111101101111111111111101111
000001101111101101111111111111111101
000001101111101110011111111111111111
000001101111101110101111111111111111
000001101111101110110111111111111111
000001101111101110111011111111111111
000001101111101110111101111111111111
000001101111101110111110111111111111
000001101111101110111111101111111111
000001101111101110111111110111111111
000001101111101110111111111011111111
000001101111101110111111111101111111
000001101111101110111111111110111111
000001101111101110111111111111011111
000001101111101110111111111111101111
000001101111101110111111111111110111
000001101111101110111111111111111011
000001101111101110111111111111111101
000001101111101110111111111111111110
000001101111101111001111111111111111
000001101111101111010111111111111111
000001101111101111011011111111111111
000001101111101111011101111111111111
000001101111101111011111101111111111
000001101111101111011111110111111111
000001101111101111011111111011111111
000001101111101111011111111110111111
000001101111101111011111111111101111
000001101111101111011111111111110111
000001101111101111011111111111111101
000001101111101111011111111111111110
000001101111101111100111111111111111
000001101111101111101011111111111111
000001101111101111101101111111111111
000001101111101111101110111111111111
000001101111101111101111011111111111
000001101111101111101111110111111111
000001101111101111101111111011111111
000001101111101111101111111101111111
000001101111101111101111111110111111
000001101111101111101111111111011111
000001101111101111101111111111101111
000001101111101111101111111111110111
000001101111101111101111111111111011
000001101111101111101111111111111101
000001101111101111101111111111111110
000001101111101111110011111111111111
000001101111101111110101111111111111
000001101111101111110111101111111111
000001101111101111110111110111111111
000001101111101111110111111011111111
000001101111101111110111111101111111
000001101111101111110111111111011111
000001101111101111110111111111101111
000001101111101111110111111111111011
000001101111101111110111111111111101
000001101111101111110111111111111110
000001101111101111111010111111111111
000001101111101111111011011111111111
000001101111101111111011111011111111
000001101111101111111011111101111111
000001101111101111111011111110111111
000001101111101111111011111111011111
000001101111101111111011111111101111
000001101111101111111011111111110111
000001101111101111111011111111111101
000001101111101111111100111111111111
000001101111101111111101011111111111
000001101111101111111101101111111111
000001101111101111111101110111111111
000001101111101111111101111101111111
000001101111101111111101111110111111
000001101111101111111101111111011111
000001101111101111111101111111101111
000001101111101111111101111111110111
000001101111101111111101111111111011
000001101111101111111101111111111101
000001101111101111111101111111111110
000001101111101111111110011111111111
000001101111101111111110110111111111
000001101111101111111110111011111111
000001101111101111111110111101111111
000001101111101111111110111111011111
000001101111101111111110111111101111
000001101111101111111110111111110111
000001101111101111111110111111111011
000001101111101111111110111111111101
000001101111101111111110111111111110
000001101111101111111111001111111111
000001101111101111111111010111111111
000001101111101111111111011011111111
000001101111101111111111011101111111
000001101111101111111111011111011111
000001101111101111111111011111101111
000001101111101111111111011111110111
000001101111101111111111011111111011
000001101111101111111111011111111101
000001101111101111111111100111111111
000001101111101111111111101011111111
000001101111101111111111101101111111
000001101111101111111111101111011111
000001101111101111111111101111110111
000001101111101111111111101111111101
000001101111101111111111110011111111
000001101111101111111111110110111111
000001101111101111111111110111011111
000001101111101111111111110111101111
000001101111101111111111110111110111
000001101111101111111111110111111011
000001101111101111111111110111111101
000001101111101111111111110111111110
000001101111101111111111111010111111
000001101111101111111111111011011111
000001101111101111111111111011101111
000001101111101111111111111011111011
000001101111101111111111111011111101
000001101111101111111111111011111110
000001101111101111111111111100111111
000001101111101111111111111101101111
000001101111101111111111111101110111
000001101111101111111111111101111011
000001101111101111111111111101111101
000001101111101111111111111101111110
000001101111101111111111111110011111
000001101111101111111111111110101111
000001101111101111111111111110110111
000001101111101111111111111110111011
000001101111101111111111111110111101
000001101111101111111111111110111110
000001101111101111111111111111001111
000001101111101111111111111111010111
000001101111101111111111111111011011
000001101111101111111111111111011101
000001101111101111111111111111100111
000001101111101111111111111111101011
000001101111101111111111111111101110
000001101111101111111111111111110011
000001101111101111111111111111110110
000001101111110001111111111111111111
000001101111110010111111111111111111
000001101111110011011111111111111111
000001101111110011101111111111111111
000001101111110011111011111111111111
000001101111110011111101111111111111
000001101111110011111110111111111111
000001101111110011111111011111111111
000001101111110011111111101111111111
000001101111110011111111110111111111
000001101111110011111111111011111111
000001101111110011111111111111011111
000001101111110100111111111111111111
000001101111110101011111111111111111
000001101111110101101111111111111111
000001101111110101111101111111111111
000001101111110101111110111111111111
000001101111110101111111011111111111
000001101111110101111111110111111111
000001101111110101111111111011111111
000001101111110101111111111110111111
000001101111110101111111111111011111
000001101111110101111111111111110111
000001101111110101111111111111111101
000001101111110110011111111111111111
000001101111110110101111111111111111
000001101111110110111011111111111111
000001101111110110111101111111111111
000001101111110110111111011111111111
000001101111110110111111101111111111
000001101111110110111111110111111111
000001101111110110111111111011111111
000001101111110110111111111101111111
000001101111110110111111111110111111
000001101111110110111111111111011111
000001101111110110111111111111101111
000001101111110110111111111111110111
000001101111110110111111111111111011
000001101111110110111111111111111101
000001101111110110111111111111111110
000001101111110111001111111111111111
000001101111110111010111111111111111
000001101111110111011011111111111111
000001101111110111011101111111111111
000001101111110111011110111111111111
000001101111110111011111011111111111
000001101111110111011111101111111111
000001101111110111011111110111111111
000001101111110111011111111011111111
000001101111110111011111111110111111
000001101111110111011111111111011111
000001101111110111011111111111101111
000001101111110111011111111111111011
000001101111110111011111111111111101
000001101111110111011111111111111110
000001101111110111100111111111111111
000001101111110111101011111111111111
000001101111110111101101111111111111
000001101111110111101110111111111111
000001101111110111101111101111111111
000001101111110111101111110111111111
000001101111110111101111111101111111
000001101111110111101111111110111111
000001101111110111101111111111011111
000001101111110111101111111111101111
000001101111110111101111111111110111
000001101111110111101111111111111011
000001101111110111101111111111111101
000001101111110111101111111111111110
000001101111110111110101111111111111
000001101111110111110110111111111111
000001101111110111110111011111111111
000001101111110111110111110111111111
000001101111110111110111111101111111
000001101111110111110111111110111111
000001101111110111110111111111011111
000001101111110111110111111111101111
000001101111110111110111111111110111
000001101111110111110111111111111011
000001101111110111110111111111111101
000001101111110111110111111111111110
000001101111110111111001111111111111
000001101111110111111010111111111111
000001101111110111111011011111111111
000001101111110111111011111101111111
000001101111110111111011111110111111
000001101111110111111011111111011111
000001101111110111111011111111110111
000001101111110111111011111111111011
000001101111110111111011111111111101
000001101111110111111011111111111110
000001101111110111111100111111111111
000001101111110111111101101111111111
000001101111110111111101110111111111
000001101111110111111101111011111111
000001101111110111111101111101111111
000001101111110111111101111110111111
000001101111110111111101111111011111
000001101111110111111101111111101111
000001101111110111111101111111111011
000001101111110111111101111111111101
000001101111110111111101111111111110
000001101111110111111110011111111111
000001101111110111111110101111111111
000001101111110111111110110111111111
000001101111110111111110111101111111
000001101111110111111110111110111111
000001101111110111111110111111101111
000001101111110111111110111111110111
000001101111110111111110111111111101
000001101111110111111110111111111110
000001101111110111111111001111111111
000001101111110111111111010111111111
000001101111110111111111011011111111
000001101111110111111111011110111111
000001101111110111111111011111011111
000001101111110111111111011111101111
000001101111110111111111011111111011
000001101111110111111111011111111101
000001101111110111111111011111111110
000001101111110111111111100111111111
000001101111110111111111101011111111
000001101111110111111111101110111111
000001101111110111111111101111011111
000001101111110111111111101111101111
000001101111110111111111101111110111
000001101111110111111111101111111011
000001101111110111111111101111111110
000001101111110111111111110011111111
000001101111110111111111110110111111
000001101111110111111111110111011111
000001101111110111111111110111101111
000001101111110111111111110111111101
000001101111110111111111110111111110
000001101111110111111111111001111111
000001101111110111111111111010111111
000001101111110111111111111011011111
000001101111110111111111111011101111
000001101111110111111111111011110111
000001101111110111111111111011111101
000001101111110111111111111011111110
000001101111110111111111111100111111
000001101111110111111111111101011111
000001101111110111111111111101101111
000001101111110111111111111101110111
000001101111110111111111111101111011
000001101111110111111111111101111110
000001101111110111111111111110101111
000001101111110111111111111110111011
000001101111110111111111111110111101
000001101111110111111111111110111110
000001101111110111111111111111010111
000001101111110111111111111111011011
000001101111110111111111111111011110
000001101111110111111111111111100111
000001101111110111111111111111101011
000001101111110111111111111111101101
000001101111110111111111111111101110
000001101111110111111111111111110011
000001101111110111111111111111110101
000001101111110111111111111111110110
000001101111110111111111111111111001
000001101111110111111111111111111010
000001101111111000111111111111111111
000001101111111001101111111111111111
000001101111111001110111111111111111
000001101111111001111011111111111111
000001101111111001111101111111111111
000001101111111001111110111111111111
000001101111111001111111011111111111
000001101111111001111111110111111111
000001101111111001111111111101111111
000001101111111001111111111110111111
000001101111111001111111111111101111
000001101111111001111111111111111011
000001101111111001111111111111111110
000001101111111010101111111111111111
000001101111111010110111111111111111
000001101111111010111110111111111111
000001101111111010111111011111111111
000001101111111010111111110111111111
000001101111111010111111111011111111
000001101111111010111111111101111111
000001101111111010111111111110111111
000001101111111010111111111111011111
000001101111111010111111111111110111
000001101111111010111111111111111011
000001101111111010111111111111111110
000001101111111011001111111111111111
000001101111111011010111111111111111
000001101111111011011011111111111111
000001101111111011011101111111111111
000001101111111011011110111111111111
000001101111111011011111011111111111
000001101111111011011111101111111111
000001101111111011011111110111111111
000001101111111011011111111101111111
000001101111111011011111111110111111
000001101111111011011111111111101111
000001101111111011011111111111110111
000001101111111011011111111111111011
000001101111111011011111111111111110
000001101111111011101011111111111111
000001101111111011101101111111111111
000001101111111011101111011111111111
000001101111111011101111101111111111
000001101111111011101111110111111111
000001101111111011101111111011111111
000001101111111011101111111110111111
000001101111111011101111111111011111
000001101111111011101111111111101111
000001101111111011101111111111111011
000001101111111011101111111111111101
000001101111111011110101111111111111
000001101111111011110110111111111111
000001101111111011110111101111111111
000001101111111011110111110111111111
000001101111111011110111111011111111
000001101111111011110111111101111111
000001101111111011110111111110111111
000001101111111011110111111111011111
000001101111111011110111111111111011
000001101111111011110111111111111101
000001101111111011110111111111111110
000001101111111011111001111111111111
000001101111111011111010111111111111
000001101111111011111011101111111111
000001101111111011111011110111111111
000001101111111011111011111101111111
000001101111111011111011111110111111
000001101111111011111011111111111011
000001101111111011111100111111111111
000001101111111011111101011111111111
000001101111111011111101101111111111
000001101111111011111101110111111111
000001101111111011111101111011111111
000001101111111011111101111110111111
000001101111111011111101111111110111
000001101111111011111110011111111111
000001101111111011111110111011111111
000001101111111011111110111101111111
000001101111111011111110111111011111
000001101111111011111110111111110111
000001101111111011111110111111111011
000001101111111011111111001111111111
000001101111111011111111010111111111
000001101111111011111111011011111111
000001101111111011111111011101111111
000001101111111011111111011110111111
000001101111111011111111011111101111
000001101111111011111111011111110111
000001101111111011111111011111111011
000001101111111011111111011111111110
000001101111111011111111100111111111
000001101111111011111111101101111111
000001101111111011111111101110111111
000001101111111011111111101111011111
000001101111111011111111101111110111
000001101111111011111111101111111101
000001101111111011111111101111111110
000001101111111011111111110011111111
000001101111111011111111110101111111
000001101111111011111111110110111111
000001101111111011111111110111011111
000001101111111011111111110111110111
000001101111111011111111110111111011
000001101111111011111111110111111101
000001101111111011111111111010111111
000001101111111011111111111011011111
000001101111111011111111111011110111
000001101111111011111111111011111011
000001101111111011111111111101101111
000001101111111011111111111101110111
000001101111111011111111111101111011
000001101111111011111111111101111101
000001101111111011111111111101111110
000001101111111011111111111110101111
000001101111111011111111111110111011
000001101111111011111111111110111101
000001101111111011111111111110111110
000001101111111011111111111111010111
000001101111111011111111111111011011
000001101111111011111111111111011110
000001101111111011111111111111100111
000001101111111011111111111111101011
000001101111111011111111111111101101
000001101111111011111111111111101110
000001101111111011111111111111110011
000001101111111011111111111111110101
000001101111111011111111111111110110
000001101111111011111111111111111001
000001101111111011111111111111111100
000001101111111100011111111111111111
000001101111111100101111111111111111
000001101111111100111011111111111111
000001101111111100111101111111111111
000001101111111100111110111111111111
000001101111111100111111011111111111
000001101111111100111111101111111111
000001101111111100111111111011111111
000001101111111100111111111101111111
000001101111111100111111111110111111
000001101111111100111111111111111101
000001101111111100111111111111111110
000001101111111101001111111111111111
000001101111111101010111111111111111
000001101111111101011011111111111111
000001101111111101011101111111111111
000001101111111101011110111111111111
000001101111111101011111101111111111
000001101111111101011111111011111111
000001101111111101011111111101111111
000001101111111101011111111110111111
000001101111111101011111111111111011
000001101111111101101101111111111111
000001101111111101101111011111111111
000001101111111101101111101111111111
000001101111111101101111110111111111
000001101111111101101111111011111111
000001101111111101101111111101111111
000001101111111101101111111111101111
000001101111111101101111111111110111
000001101111111101101111111111111011
000001101111111101101111111111111101
000001101111111101101111111111111110
000001101111111101110011111111111111
000001101111111101110101111111111111
000001101111111101110110111111111111
000001101111111101110111011111111111
000001101111111101110111101111111111
000001101111111101110111110111111111
000001101111111101110111111101111111
000001101111111101110111111111101111
000001101111111101110111111111110111
000001101111111101110111111111111011
000001101111111101110111111111111101
000001101111111101110111111111111110
000001101111111101111011011111111111
000001101111111101111011101111111111
000001101111111101111011110111111111
000001101111111101111011111101111111
000001101111111101111011111110111111
000001101111111101111011111111011111
000001101111111101111011111111101111
000001101111111101111011111111110111
000001101111111101111011111111111011
000001101111111101111011111111111110
000001101111111101111100111111111111
000001101111111101111101011111111111
000001101111111101111101101111111111
000001101111111101111101110111111111
000001101111111101111101111011111111
000001101111111101111101111101111111
000001101111111101111101111110111111
000001101111111101111101111111011111
000001101111111101111101111111101111
000001101111111101111101111111111011
000001101111111101111101111111111101
000001101111111101111101111111111110
000001101111111101111110101111111111
000001101111111101111110111110111111
000001101111111101111110111111011111
000001101111111101111110111111110111
000001101111111101111110111111111011
000001101111111101111110111111111101
000001101111111101111110111111111110
000001101111111101111111001111111111
000001101111111101111111010111111111
000001101111111101111111011011111111
000001101111111101111111011101111111
000001101111111101111111011110111111
000001101111111101111111011111101111
000001101111111101111111011111110111
000001101111111101111111011111111011
000001101111111101111111011111111101
000001101111111101111111101011111111
000001101111111101111111101101111111
000001101111111101111111101110111111
000001101111111101111111101111011111
000001101111111101111111101111101111
000001101111111101111111101111110111
000001101111111101111111101111111101
000001101111111101111111110011111111
000001101111111101111111110101111111
000001101111111101111111110110111111
000001101111111101111111110111101111
000001101111111101111111110111110111
000001101111111101111111110111111101
000001101111111101111111110111111110
000001101111111101111111111001111111
000001101111111101111111111010111111
000001101111111101111111111011011111
000001101111111101111111111011101111
000001101111111101111111111011110111
000001101111111101111111111011111011
000001101111111101111111111011111101
000001101111111101111111111011111110
000001101111111101111111111101011111
000001101111111101111111111101101111
000001101111111101111111111101110111
000001101111111101111111111101111011
000001101111111101111111111101111110
000001101111111101111111111110011111
000001101111111101111111111110101111
000001101111111101111111111110111011
000001101111111101111111111110111101
000001101111111101111111111111011011
000001101111111101111111111111011110
000001101111111101111111111111100111
000001101111111101111111111111101101
000001101111111101111111111111101110
000001101111111101111111111111110101
000001101111111101111111111111111001
000001101111111101111111111111111010
000001101111111101111111111111111100
000001101111111110011011111111111111
000001101111111110011101111111111111
000001101111111110011110111111111111
000001101111111110011111011111111111
000001101111111110011111110111111111
000001101111111110011111111011111111
000001101111111110011111111110111111
000001101111111110011111111111011111
000001101111111110011111111111101111
000001101111111110011111111111111101
000001101111111110011111111111111110
000001101111111110101011111111111111
000001101111111110101101111111111111
000001101111111110101110111111111111
000001101111111110101111011111111111
000001101111111110101111101111111111
000001101111111110101111110111111111
000001101111111110101111111011111111
000001101111111110101111111101111111
000001101111111110101111111110111111
000001101111111110101111111111011111
000001101111111110101111111111101111
000001101111111110101111111111111011
000001101111111110101111111111111101
000001101111111110110101111111111111
000001101111111110110111011111111111
000001101111111110110111101111111111
000001101111111110110111110111111111
000001101111111110110111111011111111
000001101111111110110111111101111111
000001101111111110110111111110111111
000001101111111110110111111111011111
000001101111111110110111111111101111
000001101111111110110111111111110111
000001101111111110110111111111111011
000001101111111110110111111111111110
000001101111111110111001111111111111
000001101111111110111010111111111111
000001101111111110111011011111111111
000001101111111110111011111011111111
000001101111111110111011111111011111
000001101111111110111011111111110111
000001101111111110111011111111111011
000001101111111110111011111111111101
000001101111111110111011111111111110
000001101111111110111100111111111111
000001101111111110111101011111111111
000001101111111110111101101111111111
000001101111111110111101110111111111
000001101111111110111101111011111111
000001101111111110111101111101111111
000001101111111110111101111110111111
000001101111111110111101111111011111
000001101111111110111101111111101111
000001101111111110111101111111111011
000001101111111110111101111111111101
000001101111111110111101111111111110
000001101111111110111110110111111111
000001101111111110111110111011111111
000001101111111110111110111101111111
000001101111111110111110111110111111
000001101111111110111110111111011111
000001101111111110111110111111110111
000001101111111110111110111111111101
000001101111111110111110111111111110
000001101111111110111111001111111111
000001101111111110111111010111111111
000001101111111110111111011110111111
000001101111111110111111011111011111
000001101111111110111111011111111101
000001101111111110111111011111111110
000001101111111110111111100111111111
000001101111111110111111101101111111
000001101111111110111111101110111111
000001101111111110111111101111011111
000001101111111110111111101111101111
000001101111111110111111101111110111
000001101111111110111111101111111011
000001101111111110111111101111111101
000001101111111110111111101111111110
000001101111111110111111110110111111
000001101111111110111111110111011111
000001101111111110111111110111101111
000001101111111110111111110111110111
000001101111111110111111110111111101
000001101111111110111111110111111110
000001101111111110111111111001111111
000001101111111110111111111010111111
000001101111111110111111111011011111
000001101111111110111111111011101111
000001101111111110111111111011110111
000001101111111110111111111011111011
000001101111111110111111111011111101
000001101111111110111111111101011111
000001101111111110111111111101110111
000001101111111110111111111101111011
000001101111111110111111111101111101
000001101111111110111111111101111110
000001101111111110111111111110011111
000001101111111110111111111110101111
000001101111111110111111111110111011
000001101111111110111111111110111101
000001101111111110111111111110111110
000001101111111110111111111111001111
000001101111111110111111111111011011
000001101111111110111111111111011101
000001101111111110111111111111011110
000001101111111110111111111111100111
000001101111111110111111111111101011
000001101111111110111111111111101101
000001101111111110111111111111101110
000001101111111110111111111111110011
000001101111111110111111111111110101
000001101111111110111111111111110110
000001101111111110111111111111111001
000001101111111110111111111111111100
000001101111111111001011111111111111
000001101111111111001101111111111111
000001101111111111001110111111111111
000001101111111111001111101111111111
000001101111111111001111110111111111
000001101111111111001111111011111111
000001101111111111001111111101111111
000001101111111111001111111111011111
000001101111111111001111111111101111
000001101111111111001111111111110111
000001101111111111001111111111111110
000001101111111111010011111111111111
000001101111111111010111011111111111
000001101111111111010111101111111111
000001101111111111010111110111111111
000001101111111111010111111011111111
000001101111111111010111111101111111
000001101111111111010111111110111111
000001101111111111010111111111101111
000001101111111111010111111111111011
000001101111111111010111111111111101
000001101111111111011010111111111111
000001101111111111011011101111111111
000001101111111111011011110111111111
000001101111111111011011111101111111
000001101111111111011011111110111111
000001101111111111011011111111011111
000001101111111111011011111111101111
000001101111111111011011111111110111
000001101111111111011011111111111101
000001101111111111011011111111111110
000001101111111111011100111111111111
000001101111111111011101011111111111
000001101111111111011101110111111111
000001101111111111011101111110111111
000001101111111111011101111111011111
000001101111111111011101111111110111
000001101111111111011101111111111101
000001101111111111011110101111111111
000001101111111111011110110111111111
000001101111111111011110111011111111
000001101111111111011110111101111111
000001101111111111011110111110111111
000001101111111111011110111111011111
000001101111111111011110111111110111
000001101111111111011110111111111011
000001101111111111011110111111111110
000001101111111111011111010111111111
000001101111111111011111011011111111
000001101111111111011111011101111111
000001101111111111011111011110111111
000001101111111111011111011111011111
000001101111111111011111011111101111
000001101111111111011111011111110111
000001101111111111011111011111111011
000001101111111111011111011111111101
000001101111111111011111011111111110
000001101111111111011111100111111111
000001101111111111011111101011111111
000001101111111111011111101110111111
000001101111111111011111101111101111
000001101111111111011111101111111011
000001101111111111011111101111111101
000001101111111111011111110110111111
000001101111111111011111110111101111
000001101111111111011111110111110111
000001101111111111011111110111111011
000001101111111111011111110111111101
000001101111111111011111110111111110
000001101111111111011111111001111111
000001101111111111011111111011011111
000001101111111111011111111011101111
000001101111111111011111111011111101
000001101111111111011111111011111110
000001101111111111011111111100111111
000001101111111111011111111101101111
000001101111111111011111111101111011
000001101111111111011111111101111101
000001101111111111011111111110011111
000001101111111111011111111110101111
000001101111111111011111111110110111
000001101111111111011111111110111011
000001101111111111011111111110111101
000001101111111111011111111110111110
000001101111111111011111111111001111
000001101111111111011111111111010111
000001101111111111011111111111011011
000001101111111111011111111111011101
000001101111111111011111111111011110
000001101111111111011111111111101011
000001101111111111011111111111101101
000001101111111111011111111111101110
000001101111111111011111111111110011
000001101111111111011111111111110101
000001101111111111011111111111110110
000001101111111111011111111111111001
000001101111111111011111111111111010
000001101111111111011111111111111100
000001101111111111100011111111111111
000001101111111111100111011111111111
000001101111111111100111110111111111
000001101111111111100111111101111111
000001101111111111100111111110111111
000001101111111111100111111111011111
000001101111111111100111111111101111
000001101111111111100111111111110111
000001101111111111100111111111111011
000001101111111111100111111111111110
000001101111111111101001111111111111
000001101111111111101011101111111111
000001101111111111101011110111111111
000001101111111111101011111011111111
000001101111111111101011111101111111
000001101111111111101011111110111111
000001101111111111101011111111110111
000001101111111111101011111111111011
000001101111111111101011111111111101
000001101111111111101011111111111110
000001101111111111101100111111111111
000001101111111111101101011111111111
000001101111111111101101101111111111
000001101111111111101101110111111111
000001101111111111101101111011111111
000001101111111111101101111110111111
000001101111111111101101111111101111
000001101111111111101101111111110111
000001101111111111101101111111111011
000001101111111111101101111111111101
000001101111111111101101111111111110
000001101111111111101110011111111111
000001101111111111101110101111111111
000001101111111111101110110111111111
000001101111111111101110111101111111
000001101111111111101110111110111111
000001101111111111101110111111011111
000001101111111111101110111111101111
000001101111111111101110111111110111
000001101111111111101110111111111011
000001101111111111101110111111111101
000001101111111111101110111111111110
000001101111111111101111001111111111
000001101111111111101111011011111111
000001101111111111101111011110111111
000001101111111111101111011111110111
000001101111111111101111011111111011
000001101111111111101111011111111101
000001101111111111101111011111111110
000001101111111111101111100111111111
000001101111111111101111101011111111
000001101111111111101111101101111111
000001101111111111101111101110111111
000001101111111111101111101111011111
000001101111111111101111101111111101
000001101111111111101111101111111110
000001101111111111101111110011111111
000001101111111111101111110101111111
000001101111111111101111110110111111
000001101111111111101111110111011111
000001101111111111101111110111111101
000001101111111111101111110111111110
000001101111111111101111111001111111
000001101111111111101111111010111111
000001101111111111101111111011011111
000001101111111111101111111011110111
000001101111111111101111111011111011
000001101111111111101111111011111101
000001101111111111101111111011111110
000001101111111111101111111100111111
000001101111111111101111111101101111
000001101111111111101111111101110111
000001101111111111101111111101111011
000001101111111111101111111101111101
000001101111111111101111111101111110
000001101111111111101111111110110111
000001101111111111101111111110111011
000001101111111111101111111110111101
000001101111111111101111111110111110
000001101111111111101111111111010111
000001101111111111101111111111011101
000001101111111111101111111111011110
000001101111111111101111111111101101
000001101111111111101111111111101110
000001101111111111101111111111110011
000001101111111111101111111111110101
000001101111111111101111111111110110
000001101111111111101111111111111001
000001101111111111101111111111111010
000001101111111111110001111111111111
000001101111111111110011110111111111
000001101111111111110011111011111111
000001101111111111110011111101111111
000001101111111111110011111110111111
000001101111111111110011111111101111
000001101111111111110011111111110111
000001101111111111110011111111111011
000001101111111111110100111111111111
000001101111111111110101011111111111
000001101111111111110101110111111111
000001101111111111110101111101111111
000001101111111111110101111110111111
000001101111111111110101111111011111
000001101111111111110101111111101111
000001101111111111110101111111111011
000001101111111111110101111111111110
000001101111111111110110011111111111
000001101111111111110110110111111111
000001101111111111110110111011111111
000001101111111111110110111101111111
000001101111111111110110111110111111
000001101111111111110110111111101111
000001101111111111110110111111110111
000001101111111111110110111111111011
000001101111111111110110111111111101
000001101111111111110111011110111111
000001101111111111110111011111011111
000001101111111111110111011111110111
000001101111111111110111011111111011
000001101111111111110111011111111101
000001101111111111110111011111111110
000001101111111111110111100111111111
000001101111111111110111101011111111
000001101111111111110111101101111111
000001101111111111110111101111101111
000001101111111111110111101111111011
000001101111111111110111101111111110
000001101111111111110111110011111111
000001101111111111110111110111011111
000001101111111111110111110111101111
000001101111111111110111110111111011
000001101111111111110111110111111101
000001101111111111110111110111111110
000001101111111111110111111010111111
000001101111111111110111111011101111
000001101111111111110111111011110111
000001101111111111110111111011111011
000001101111111111110111111011111101
000001101111111111110111111011111110
000001101111111111110111111101011111
000001101111111111110111111101101111
000001101111111111110111111101111011
000001101111111111110111111101111101
000001101111111111110111111110011111
000001101111111111110111111110101111
000001101111111111110111111110110111
000001101111111111110111111110111110
000001101111111111110111111111001111
000001101111111111110111111111010111
000001101111111111110111111111011011
000001101111111111110111111111011110
000001101111111111110111111111101011
000001101111111111110111111111110101
000001101111111111110111111111110110
000001101111111111110111111111111001
000001101111111111110111111111111010
000001101111111111110111111111111100
000001101111111111111001011111111111
000001101111111111111001101111111111
000001101111111111111001111101111111
000001101111111111111001111110111111
000001101111111111111001111111011111
000001101111111111111001111111101111
000001101111111111111001111111110111
000001101111111111111001111111111011
000001101111111111111001111111111101
000001101111111111111001111111111110
000001101111111111111010011111111111
000001101111111111111010101111111111
000001101111111111111010111101111111
000001101111111111111010111110111111
000001101111111111111010111111011111
000001101111111111111010111111101111
000001101111111111111010111111111011
000001101111111111111010111111111110
000001101111111111111011001111111111
000001101111111111111011011101111111
000001101111111111111011011110111111
000001101111111111111011011111110111
000001101111111111111011011111111101
000001101111111111111011100111111111
000001101111111111111011101011111111
000001101111111111111011101101111111
000001101111111111111011101111110111
000001101111111111111011101111111011
000001101111111111111011101111111101
000001101111111111111011101111111110
000001101111111111111011110011111111
000001101111111111111011110111011111
000001101111111111111011110111101111
000001101111111111111011110111111101
000001101111111111111011111001111111
000001101111111111111011111010111111
000001101111111111111011111011011111
000001101111111111111011111011110111
000001101111111111111011111011111011
000001101111111111111011111011111110
000001101111111111111011111100111111
000001101111111111111011111101011111
000001101111111111111011111101110111
000001101111111111111011111101111011
000001101111111111111011111101111101
000001101111111111111011111110011111
000001101111111111111011111110101111
000001101111111111111011111110110111
000001101111111111111011111110111011
000001101111111111111011111110111101
000001101111111111111011111110111110
000001101111111111111011111111001111
000001101111111111111011111111010111
000001101111111111111011111111011110
000001101111111111111011111111100111
000001101111111111111011111111101011
000001101111111111111011111111101101
000001101111111111111011111111101110
000001101111111111111011111111110101
000001101111111111111011111111110110
000001101111111111111011111111111100
000001101111111111111100011111111111
000001101111111111111100101111111111
000001101111111111111100110111111111
000001101111111111111100111011111111
000001101111111111111100111101111111
000001101111111111111100111110111111
000001101111111111111100111111011111
000001101111111111111100111111101111
000001101111111111111100111111111011
000001101111111111111100111111111101
000001101111111111111100111111111110
000001101111111111111101001111111111
000001101111111111111101010111111111
000001101111111111111101011011111111
000001101111111111111101011101111111
000001101111111111111101011110111111
000001101111111111111101011111011111
000001101111111111111101011111101111
000001101111111111111101011111110111
000001101111111111111101011111111011
000001101111111111111101011111111110
000001101111111111111101101101111111
000001101111111111111101101111011111
000001101111111111111101101111101111
000001101111111111111101101111110111
000001101111111111111101101111111011
000001101111111111111101101111111101
000001101111111111111101101111111110
000001101111111111111101110011111111
000001101111111111111101110101111111
000001101111111111111101110110111111
000001101111111111111101110111011111
000001101111111111111101110111110111
000001101111111111111101110111111101
000001101111111111111101110111111110
000001101111111111111101111010111111
000001101111111111111101111011101111
000001101111111111111101111011110111
000001101111111111111101111011111101
000001101111111111111101111011111110
000001101111111111111101111100111111
000001101111111111111101111101101111
000001101111111111111101111101111011
000001101111111111111101111101111101
000001101111111111111101111110011111
000001101111111111111101111110101111
000001101111111111111101111110110111
000001101111111111111101111110111011
000001101111111111111101111110111101
000001101111111111111101111110111110
000001101111111111111101111111011011
000001101111111111111101111111011110
000001101111111111111101111111100111
000001101111111111111101111111101110
000001101111111111111101111111110011
000001101111111111111101111111110110
000001101111111111111101111111111001
000001101111111111111101111111111100
000001101111111111111110001111111111
000001101111111111111110010111111111
000001101111111111111110011011111111
000001101111111111111110011110111111
000001101111111111111110011111011111
000001101111111111111110011111110111
000001101111111111111110011111111011
000001101111111111111110011111111101
000001101111111111111110011111111110
000001101111111111111110101011111111
000001101111111111111110101101111111
000001101111111111111110101110111111
000001101111111111111110101111110111
000001101111111111111110101111111110
000001101111111111111110110011111111
000001101111111111111110110101111111
000001101111111111111110110110111111
000001101111111111111110110111101111
000001101111111111111110110111110111
000001101111111111111110110111111110
000001101111111111111110111010111111
000001101111111111111110111011101111
000001101111111111111110111011111011
000001101111111111111110111011111101
000001101111111111111110111011111110
000001101111111111111110111100111111
000001101111111111111110111101011111
000001101111111111111110111101110111
000001101111111111111110111101111011
000001101111111111111110111101111110
000001101111111111111110111110101111
000001101111111111111110111110111011
000001101111111111111110111110111110
000001101111111111111110111111010111
000001101111111111111110111111011101
000001101111111111111110111111011110
000001101111111111111110111111101101
000001101111111111111110111111101110
000001101111111111111110111111110011
000001101111111111111110111111110101
000001101111111111111110111111110110
000001101111111111111110111111111010
000001101111111111111111000111111111
000001101111111111111111001101111111
000001101111111111111111001110111111
000001101111111111111111001111101111
000001101111111111111111001111110111
000001101111111111111111001111111011
000001101111111111111111001111111110
000001101111111111111111010011111111
000001101111111111111111010101111111
000001101111111111111111010110111111
000001101111111111111111010111101111
000001101111111111111111010111110111
000001101111111111111111010111111011
000001101111111111111111010111111101
000001101111111111111111011001111111
000001101111111111111111011010111111
000001101111111111111111011011011111
000001101111111111111111011011110111
000001101111111111111111011011111101
000001101111111111111111011011111110
000001101111111111111111011100111111
000001101111111111111111011101011111
000001101111111111111111011101101111
000001101111111111111111011101110111
000001101111111111111111011101111011
000001101111111111111111011101111101
000001101111111111111111011101111110
000001101111111111111111011110011111
000001101111111111111111011110101111
000001101111111111111111011110111011
000001101111111111111111011110111101
000001101111111111111111011110111110
000001101111111111111111011111001111
000001101111111111111111011111011101
000001101111111111111111011111011110
000001101111111111111111011111101110
000001101111111111111111011111110011
000001101111111111111111011111110110
000001101111111111111111011111111001
000001101111111111111111011111111010
000001101111111111111111100011111111
000001101111111111111111100101111111
000001101111111111111111100110111111
000001101111111111111111100111101111
000001101111111111111111100111111011
000001101111111111111111100111111101
000001101111111111111111101001111111
000001101111111111111111101010111111
000001101111111111111111101011011111
000001101111111111111111101011101111
000001101111111111111111101011110111
000001101111111111111111101011111110
000001101111111111111111101100111111
000001101111111111111111101101011111
000001101111111111111111101101101111
000001101111111111111111101101110111
000001101111111111111111101101111011
000001101111111111111111101101111110
000001101111111111111111101110011111
000001101111111111111111101110101111
000001101111111111111111101110110111
000001101111111111111111101110111011
000001101111111111111111101110111101
000001101111111111111111101111001111
000001101111111111111111101111011011
000001101111111111111111101111011101
000001101111111111111111101111011110
000001101111111111111111101111100111
000001101111111111111111101111101011
000001101111111111111111101111101101
000001101111111111111111101111110011
000001101111111111111111101111110110
000001101111111111111111101111111001
000001101111111111111111101111111010
000001101111111111111111101111111100
000001101111111111111111110010111111
000001101111111111111111110011011111
000001101111111111111111110011110111
000001101111111111111111110011111011
000001101111111111111111110011111101
000001101111111111111111110011111110
000001101111111111111111110100111111
000001101111111111111111110101101111
000001101111111111111111110101110111
000001101111111111111111110101111011
000001101111111111111111110110011111
000001101111111111111111110110101111
000001101111111111111111110110110111
000001101111111111111111110110111101
000001101111111111111111110110111110
000001101111111111111111110111001111
000001101111111111111111110111010111
000001101111111111111111110111011011
000001101111111111111111110111011101
000001101111111111111111110111011110
000001101111111111111111110111100111
000001101111111111111111110111101011
000001101111111111111111110111101101
000001101111111111111111110111101110
000001101111111111111111110111110011
000001101111111111111111110111110101
000001101111111111111111110111111001
000001101111111111111111110111111010
000001101111111111111111110111111100
000001101111111111111111111000111111
000001101111111111111111111001011111
000001101111111111111111111001101111
000001101111111111111111111001111011
000001101111111111111111111001111101
000001101111111111111111111001111110
000001101111111111111111111010101111
000001101111111111111111111010111011
000001101111111111111111111010111101
000001101111111111111111111011001111
000001101111111111111111111011010111
000001101111111111111111111011011011
000001101111111111111111111011011101
000001101111111111111111111011011110
000001101111111111111111111011100111
000001101111111111111111111011101011
000001101111111111111111111011101110
000001101111111111111111111011110011
000001101111111111111111111011110101
000001101111111111111111111011110110
000001101111111111111111111011111001
000001101111111111111111111011111010
000001101111111111111111111011111100
000001101111111111111111111100011111
000001101111111111111111111100110111
000001101111111111111111111100111011
000001101111111111111111111100111101
000001101111111111111111111101001111
000001101111111111111111111101011011
000001101111111111111111111101011101
000001101111111111111111111101101011
000001101111111111111111111101101110
000001101111111111111111111101110011
000001101111111111111111111101110110
000001101111111111111111111110001111
000001101111111111111111111110010111
000001101111111111111111111110011011
000001101111111111111111111110011101
000001101111111111111111111110011110
000001101111111111111111111110101011
000001101111111111111111111110101101
000001101111111111111111111110110011
000001101111111111111111111110110110
000001101111111111111111111110111001
000001101111111111111111111110111010
000001101111111111111111111110111100
000001101111111111111111111111000111
000001101111111111111111111111001011
000001101111111111111111111111001101
000001101111111111111111111111001110
000001101111111111111111111111010011
000001101111111111111111111111010110
000001101111111111111111111111011001
000001101111111111111111111111011010
000001101111111111111111111111011100
000001101111111111111111111111100101
000001101111111111111111111111100110
000001101111111111111111111111101010
000001101111111111111111111111101100
000001101111111111111111111111110001
000001101111111111111111111111110100
000001110000111111111111111111111111
000001110001011111111111111111111111
000001110001101111111111111111111111
000001110001110111111111111111111111
000001110001111101111111111111111111
000001110001111111101111111111111111
000001110001111111110111111111111111
000001110001111111111101111111111111
000001110001111111111111011111111111
000001110001111111111111101111111111
000001110001111111111111110111111111
000001110001111111111111111011111111
000001110001111111111111111111011111
000001110001111111111111111111101111
000001110001111111111111111111110111
000001110001111111111111111111111011
000001110010011111111111111111111111
000001110010101111111111111111111111
000001110010111011111111111111111111
000001110010111111011111111111111111
000001110010111111101111111111111111
000001110010111111111011111111111111
000001110010111111111101111111111111
000001110010111111111111011111111111
000001110010111111111111101111111111
000001110010111111111111110111111111
000001110010111111111111111101111111
000001110010111111111111111110111111
000001110010111111111111111111011111
000001110010111111111111111111101111
000001110010111111111111111111110111
000001110010111111111111111111111011
000001110010111111111111111111111101
000001110010111111111111111111111110
000001110011001111111111111111111111
000001110011010111111111111111111111
000001110011011011111111111111111111
000001110011011101111111111111111111
000001110011011111011111111111111111
000001110011011111101111111111111111
000001110011011111111011111111111111
000001110011011111111101111111111111
000001110011011111111110111111111111
000001110011011111111111011111111111
000001110011011111111111101111111111
000001110011011111111111110111111111
000001110011011111111111111110111111
000001110011011111111111111111101111
000001110011011111111111111111110111
000001110011101011111111111111111111
000001110011101101111111111111111111
000001110011101110111111111111111111
000001110011101111011111111111111111
000001110011101111110111111111111111
000001110011101111111101111111111111
000001110011101111111110111111111111
000001110011101111111111011111111111
000001110011101111111111101111111111
000001110011101111111111111011111111
000001110011101111111111111101111111
000001110011101111111111111110111111
000001110011101111111111111111101111
000001110011101111111111111111110111
000001110011101111111111111111111110
000001110011110101111111111111111111
000001110011110111101111111111111111
000001110011110111111011111111111111
000001110011110111111101111111111111
000001110011110111111110111111111111
000001110011110111111111011111111111
000001110011110111111111101111111111
000001110011110111111111110111111111
000001110011110111111111111011111111
000001110011110111111111111110111111
000001110011110111111111111111011111
000001110011110111111111111111101111
000001110011110111111111111111110111
000001110011110111111111111111111011
000001110011110111111111111111111101
000001110011110111111111111111111110
000001110011111010111111111111111111
000001110011111011011111111111111111
000001110011111011101111111111111111
000001110011111011110111111111111111
000001110011111011111011111111111111
000001110011111011111110111111111111
000001110011111011111111011111111111
000001110011111011111111101111111111
000001110011111011111111110111111111
000001110011111011111111111101111111
000001110011111011111111111110111111
000001110011111011111111111111011111
000001110011111011111111111111101111
000001110011111011111111111111110111
000001110011111100111111111111111111
000001110011111101101111111111111111
000001110011111101110111111111111111
000001110011111101111011111111111111
000001110011111101111101111111111111
000001110011111101111110111111111111
000001110011111101111111101111111111
000001110011111101111111110111111111
000001110011111101111111111011111111
000001110011111101111111111101111111
000001110011111101111111111111110111
000001110011111101111111111111111011
000001110011111101111111111111111101
000001110011111101111111111111111110
000001110011111110011111111111111111
000001110011111110110111111111111111
000001110011111110111011111111111111
000001110011111110111101111111111111
000001110011111110111110111111111111
000001110011111110111111011111111111
000001110011111110111111101111111111
000001110011111110111111110111111111
000001110011111110111111111011111111
000001110011111110111111111101111111
000001110011111110111111111110111111
000001110011111110111111111111011111
000001110011111110111111111111101111
000001110011111110111111111111110111
000001110011111110111111111111111011
000001110011111110111111111111111101
000001110011111110111111111111111110
000001110011111111001111111111111111
000001110011111111010111111111111111
000001110011111111011111011111111111
000001110011111111011111101111111111
000001110011111111011111110111111111
000001110011111111011111111011111111
000001110011111111011111111110111111
000001110011111111011111111111011111
000001110011111111011111111111101111
000001110011111111011111111111110111
000001110011111111011111111111111110
000001110011111111100111111111111111
000001110011111111101011111111111111
000001110011111111101101111111111111
000001110011111111101111011111111111
000001110011111111101111101111111111
000001110011111111101111110111111111
000001110011111111101111111011111111
000001110011111111101111111101111111
000001110011111111101111111110111111
000001110011111111101111111111011111
000001110011111111101111111111101111
000001110011111111101111111111111011
000001110011111111110011111111111111
000001110011111111110101111111111111
000001110011111111110110111111111111
000001110011111111110111101111111111
000001110011111111110111110111111111
000001110011111111110111111011111111
000001110011111111110111111110111111
000001110011111111110111111111011111
000001110011111111110111111111110111
000001110011111111110111111111111011
000001110011111111111001111111111111
000001110011111111111011011111111111
000001110011111111111011101111111111
000001110011111111111011110111111111
000001110011111111111011111011111111
000001110011111111111011111110111111
000001110011111111111011111111011111
000001110011111111111011111111110111
000001110011111111111011111111111011
000001110011111111111011111111111101
000001110011111111111100111111111111
000001110011111111111101011111111111
000001110011111111111101101111111111
000001110011111111111101110111111111
000001110011111111111101111011111111
000001110011111111111101111101111111
000001110011111111111101111110111111
000001110011111111111101111111011111
000001110011111111111101111111101111
000001110011111111111101111111110111
000001110011111111111101111111111101
000001110011111111111110101111111111
000001110011111111111110110111111111
000001110011111111111110111011111111
000001110011111111111110111110111111
000001110011111111111110111111011111
000001110011111111111110111111101111
000001110011111111111110111111111101
000001110011111111111111001111111111
000001110011111111111111011011111111
000001110011111111111111011101111111
000001110011111111111111011111011111
000001110011111111111111011111110111
000001110011111111111111011111111101
000001110011111111111111100111111111
000001110011111111111111101011111111
000001110011111111111111101101111111
000001110011111111111111101110111111
000001110011111111111111101111011111
000001110011111111111111101111110111
000001110011111111111111101111111011
000001110011111111111111101111111110
000001110011111111111111110011111111
000001110011111111111111110101111111
000001110011111111111111110110111111
000001110011111111111111110111011111
000001110011111111111111110111110111
000001110011111111111111110111111011
000001110011111111111111110111111101
000001110011111111111111110111111110
000001110011111111111111111001111111
000001110011111111111111111010111111
000001110011111111111111111011101111
000001110011111111111111111011111011
000001110011111111111111111011111101
000001110011111111111111111101011111
000001110011111111111111111101111011
000001110011111111111111111101111110
000001110011111111111111111110011111
000001110011111111111111111110101111
000001110011111111111111111110111110
000001110011111111111111111111010111
000001110011111111111111111111011011
000001110011111111111111111111011110
000001110011111111111111111111100111
000001110011111111111111111111101011
000001110011111111111111111111101110
000001110011111111111111111111110101
000001110011111111111111111111110110
000001110011111111111111111111111001
000001110011111111111111111111111010
000001110100110111111111111111111111
000001110100111110111111111111111111
000001110100111111011111111111111111
000001110100111111101111111111111111
000001110100111111110111111111111111
000001110100111111111011111111111111
000001110100111111111101111111111111
000001110100111111111110111111111111
000001110100111111111111011111111111
000001110100111111111111101111111111
000001110100111111111111110111111111
000001110100111111111111111111101111
000001110100111111111111111111110111
000001110100111111111111111111111011
000001110100111111111111111111111110
000001110101001111111111111111111111
000001110101010111111111111111111111
000001110101011011111111111111111111
000001110101011101111111111111111111
000001110101011110111111111111111111
000001110101011111011111111111111111
000001110101011111101111111111111111
000001110101011111110111111111111111
000001110101011111111011111111111111
000001110101011111111110111111111111
000001110101011111111111011111111111
000001110101011111111111101111111111
000001110101011111111111111011111111
000001110101011111111111111111011111
000001110101011111111111111111101111
000001110101011111111111111111110111
000001110101011111111111111111111011
000001110101011111111111111111111110
000001110101101011111111111111111111
000001110101101110111111111111111111
000001110101101111011111111111111111
000001110101101111101111111111111111
000001110101101111110111111111111111
000001110101101111111011111111111111
000001110101101111111101111111111111
000001110101101111111110111111111111
000001110101101111111111101111111111
000001110101101111111111110111111111
000001110101101111111111111011111111
000001110101101111111111111111111101
000001110101110011111111111111111111
000001110101110101111111111111111111
000001110101110111011111111111111111
000001110101110111101111111111111111
000001110101110111111011111111111111
000001110101110111111101111111111111
000001110101110111111110111111111111
000001110101110111111111101111111111
000001110101110111111111111011111111
000001110101110111111111111101111111
000001110101110111111111111110111111
000001110101110111111111111111011111
000001110101110111111111111111101111
000001110101110111111111111111111011
000001110101110111111111111111111101
000001110101110111111111111111111110
000001110101111001111111111111111111
000001110101111010111111111111111111
000001110101111011101111111111111111
000001110101111011110111111111111111
000001110101111011111011111111111111
000001110101111011111111011111111111
000001110101111011111111110111111111
000001110101111011111111111011111111
000001110101111011111111111101111111
000001110101111011111111111110111111
000001110101111011111111111111011111
000001110101111011111111111111110111
000001110101111011111111111111111011
000001110101111100111111111111111111
000001110101111101101111111111111111
000001110101111101110111111111111111
000001110101111101111011111111111111
000001110101111101111110111111111111
000001110101111101111111110111111111
000001110101111101111111111011111111
000001110101111101111111111110111111
000001110101111101111111111111011111
000001110101111101111111111111101111
000001110101111101111111111111111011
000001110101111101111111111111111101
000001110101111101111111111111111110
000001110101111110011111111111111111
000001110101111110101111111111111111
000001110101111110111011111111111111
000001110101111110111101111111111111
000001110101111110111111011111111111
000001110101111110111111101111111111
000001110101111110111111110111111111
000001110101111110111111111101111111
000001110101111110111111111111011111
000001110101111110111111111111101111
000001110101111110111111111111111011
000001110101111110111111111111111101
000001110101111110111111111111111110
000001110101111111001111111111111111
000001110101111111011011111111111111
000001110101111111011101111111111111
000001110101111111011110111111111111
000001110101111111011111111011111111
000001110101111111011111111101111111
000001110101111111011111111110111111
000001110101111111011111111111011111
000001110101111111011111111111101111
000001110101111111011111111111110111
000001110101111111011111111111111011
000001110101111111011111111111111101
000001110101111111011111111111111110
000001110101111111101101111111111111
000001110101111111101110111111111111
000001110101111111101111011111111111
000001110101111111101111110111111111
000001110101111111101111111011111111
000001110101111111101111111101111111
000001110101111111101111111110111111
000001110101111111101111111111011111
000001110101111111101111111111101111
000001110101111111101111111111110111
000001110101111111101111111111111011
000001110101111111101111111111111101
000001110101111111101111111111111110
000001110101111111110101111111111111
000001110101111111110111011111111111
000001110101111111110111101111111111
000001110101111111110111110111111111
000001110101111111110111111101111111
000001110101111111110111111111011111
000001110101111111110111111111101111
000001110101111111110111111111110111
000001110101111111110111111111111011
000001110101111111110111111111111110
000001110101111111111001111111111111
000001110101111111111010111111111111
000001110101111111111011011111111111
000001110101111111111011101111111111
000001110101111111111011111101111111
000001110101111111111011111110111111
000001110101111111111011111111011111
000001110101111111111011111111101111
000001110101111111111011111111110111
000001110101111111111011111111111011
000001110101111111111011111111111101
000001110101111111111011111111111110
000001110101111111111100111111111111
000001110101111111111101011111111111
000001110101111111111101110111111111
000001110101111111111101111011111111
000001110101111111111101111101111111
000001110101111111111101111110111111
000001110101111111111101111111101111
000001110101111111111101111111111011
000001110101111111111101111111111101
000001110101111111111101111111111110
000001110101111111111110011111111111
000001110101111111111110110111111111
000001110101111111111110111011111111
000001110101111111111110111111011111
000001110101111111111110111111101111
000001110101111111111110111111110111
000001110101111111111110111111111011
000001110101111111111110111111111101
000001110101111111111111001111111111
000001110101111111111111010111111111
000001110101111111111111011011111111
000001110101111111111111011101111111
000001110101111111111111011110111111
000001110101111111111111011111011111
000001110101111111111111011111101111
000001110101111111111111011111110111
000001110101111111111111011111111011
000001110101111111111111011111111101
000001110101111111111111011111111110
000001110101111111111111101011111111
000001110101111111111111101101111111
000001110101111111111111101110111111
000001110101111111111111101111011111
000001110101111111111111101111101111
000001110101111111111111101111111110
000001110101111111111111110011111111
000001110101111111111111110101111111
000001110101111111111111110110111111
000001110101111111111111110111011111
000001110101111111111111110111101111
000001110101111111111111110111110111
000001110101111111111111110111111101
000001110101111111111111111001111111
000001110101111111111111111010111111
000001110101111111111111111011011111
000001110101111111111111111011101111
000001110101111111111111111011110111
000001110101111111111111111011111011
000001110101111111111111111011111101
000001110101111111111111111011111110
000001110101111111111111111101110111
000001110101111111111111111101111011
000001110101111111111111111110011111
000001110101111111111111111110101111
000001110101111111111111111110110111
000001110101111111111111111110111110
000001110101111111111111111111001111
000001110101111111111111111111010111
000001110101111111111111111111011011
000001110101111111111111111111011101
000001110101111111111111111111011110
000001110101111111111111111111101011
000001110101111111111111111111101110
000001110101111111111111111111110011
000001110101111111111111111111110101
000001110101111111111111111111110110
000001110101111111111111111111111001
000001110101111111111111111111111010
000001110110001111111111111111111111
000001110110010111111111111111111111
000001110110011011111111111111111111
000001110110011101111111111111111111
000001110110011110111111111111111111
000001110110011111011111111111111111
000001110110011111101111111111111111
000001110110011111110111111111111111
000001110110011111111101111111111111
000001110110011111111110111111111111
000001110110011111111111101111111111
000001110110011111111111110111111111
000001110110011111111111111011111111
000001110110011111111111111101111111
000001110110011111111111111110111111
000001110110011111111111111111011111
000001110110011111111111111111101111
000001110110011111111111111111110111
000001110110011111111111111111111110
000001110110100111111111111111111111
000001110110101011111111111111111111
000001110110101101111111111111111111
000001110110101111011111111111111111
000001110110101111101111111111111111
000001110110101111110111111111111111
000001110110101111111101111111111111
000001110110101111111110111111111111
000001110110101111111111101111111111
000001110110101111111111110111111111
000001110110101111111111111011111111
000001110110101111111111111101111111
000001110110101111111111111110111111
000001110110101111111111111111101111
000001110110101111111111111111110111
000001110110101111111111111111111011
000001110110101111111111111111111110
000001110110110011111111111111111111
000001110110110110111111111111111111
000001110110110111101111111111111111
000001110110110111110111111111111111
000001110110110111111011111111111111
000001110110110111111101111111111111
000001110110110111111110111111111111
000001110110110111111111011111111111
000001110110110111111111101111111111
000001110110110111111111110111111111
000001110110110111111111111011111111
000001110110110111111111111101111111
000001110110110111111111111110111111
000001110110110111111111111111011111
000001110110110111111111111111101111
000001110110110111111111111111110111
000001110110110111111111111111111011
000001110110110111111111111111111101
000001110110110111111111111111111110
000001110110111001111111111111111111
000001110110111011101111111111111111
000001110110111011111101111111111111
000001110110111011111111011111111111
000001110110111011111111101111111111
000001110110111011111111111011111111
000001110110111011111111111101111111
000001110110111011111111111110111111
000001110110111011111111111111101111
000001110110111011111111111111110111
000001110110111011111111111111111101
000001110110111100111111111111111111
000001110110111101011111111111111111
000001110110111101101111111111111111
000001110110111101110111111111111111
000001110110111101111011111111111111
000001110110111101111101111111111111
000001110110111101111111101111111111
000001110110111101111111111110111111
000001110110111101111111111111101111
000001110110111101111111111111110111
000001110110111101111111111111111011
000001110110111101111111111111111101
000001110110111101111111111111111110
000001110110111110011111111111111111
000001110110111110101111111111111111
000001110110111110110111111111111111
000001110110111110111011111111111111
000001110110111110111101111111111111
000001110110111110111110111111111111
000001110110111110111111110111111111
000001110110111110111111111101111111
000001110110111110111111111111011111
000001110110111110111111111111101111
000001110110111110111111111111111011
000001110110111110111111111111111101
000001110110111111001111111111111111
000001110110111111010111111111111111
000001110110111111011011111111111111
000001110110111111011101111111111111
000001110110111111011111011111111111
000001110110111111011111101111111111
000001110110111111011111111011111111
000001110110111111011111111101111111
000001110110111111011111111111011111
000001110110111111011111111111101111
000001110110111111011111111111110111
000001110110111111011111111111111101
000001110110111111011111111111111110
000001110110111111100111111111111111
000001110110111111101011111111111111
000001110110111111101101111111111111
000001110110111111101110111111111111
000001110110111111101111011111111111
000001110110111111101111101111111111
000001110110111111101111110111111111
000001110110111111101111111011111111
000001110110111111101111111110111111
000001110110111111101111111111011111
000001110110111111101111111111101111
000001110110111111101111111111110111
000001110110111111101111111111111011
000001110110111111101111111111111101
000001110110111111110011111111111111
000001110110111111110110111111111111
000001110110111111110111011111111111
000001110110111111110111101111111111
000001110110111111110111111011111111
000001110110111111110111111101111111
000001110110111111110111111111101111
000001110110111111110111111111110111
000001110110111111111001111111111111
000001110110111111111011110111111111
000001110110111111111011111101111111
000001110110111111111011111110111111
000001110110111111111011111111011111
000001110110111111111011111111101111
000001110110111111111011111111110111
000001110110111111111011111111111101
000001110110111111111011111111111110
000001110110111111111100111111111111
000001110110111111111101011111111111
000001110110111111111101110111111111
000001110110111111111101111101111111
000001110110111111111101111110111111
000001110110111111111101111111110111
000001110110111111111101111111111011
000001110110111111111101111111111101
000001110110111111111101111111111110
000001110110111111111110011111111111
000001110110111111111110110111111111
000001110110111111111110111101111111
000001110110111111111110111110111111
000001110110111111111110111111111011
000001110110111111111110111111111101
000001110110111111111111001111111111
000001110110111111111111011011111111
000001110110111111111111011111011111
000001110110111111111111011111101111
000001110110111111111111011111110111
000001110110111111111111011111111110
000001110110111111111111101011111111
000001110110111111111111101101111111
000001110110111111111111101111011111
000001110110111111111111101111110111
000001110110111111111111101111111101
000001110110111111111111101111111110
000001110110111111111111110101111111
000001110110111111111111110110111111
000001110110111111111111110111101111
000001110110111111111111110111110111
000001110110111111111111110111111011
000001110110111111111111111010111111
000001110110111111111111111011011111
000001110110111111111111111011101111
000001110110111111111111111011111011
000001110110111111111111111011111110
000001110110111111111111111100111111
000001110110111111111111111101011111
000001110110111111111111111101110111
000001110110111111111111111101111011
000001110110111111111111111101111101
000001110110111111111111111101111110
000001110110111111111111111110101111
000001110110111111111111111110110111
000001110110111111111111111110111011
000001110110111111111111111110111110
000001110110111111111111111111001111
000001110110111111111111111111011011
000001110110111111111111111111011101
000001110110111111111111111111011110
000001110110111111111111111111100111
000001110110111111111111111111101011
000001110110111111111111111111101101
000001110110111111111111111111101110
000001110110111111111111111111110011
000001110110111111111111111111110101
000001110110111111111111111111111010
000001110110111111111111111111111100
000001110111001011111111111111111111
000001110111001101111111111111111111
000001110111001110111111111111111111
000001110111001111011111111111111111
000001110111001111101111111111111111
000001110111001111110111111111111111
000001110111001111111011111111111111
000001110111001111111111011111111111
000001110111001111111111101111111111
000001110111001111111111110111111111
000001110111001111111111111101111111
000001110111001111111111111111011111
000001110111001111111111111111101111
000001110111001111111111111111111011
000001110111001111111111111111111101
000001110111001111111111111111111110
000001110111010110111111111111111111
000001110111010111011111111111111111
000001110111010111110111111111111111
000001110111010111111011111111111111
000001110111010111111101111111111111
000001110111010111111110111111111111
000001110111010111111111011111111111
000001110111010111111111101111111111
000001110111010111111111110111111111
000001110111010111111111111111011111
000001110111010111111111111111101111
000001110111010111111111111111110111
000001110111010111111111111111111011
000001110111011001111111111111111111
000001110111011010111111111111111111
000001110111011011110111111111111111
000001110111011011111011111111111111
000001110111011011111101111111111111
000001110111011011111110111111111111
000001110111011011111111101111111111
000001110111011011111111110111111111
000001110111011011111111111011111111
000001110111011011111111111110111111
000001110111011011111111111111011111
000001110111011011111111111111101111
000001110111011011111111111111111011
000001110111011011111111111111111110
000001110111011100111111111111111111
000001110111011101011111111111111111
000001110111011101101111111111111111
000001110111011101110111111111111111
000001110111011101111011111111111111
000001110111011101111101111111111111
000001110111011101111110111111111111
000001110111011101111111011111111111
000001110111011101111111101111111111
000001110111011101111111110111111111
000001110111011101111111111011111111
000001110111011101111111111101111111
000001110111011101111111111110111111
000001110111011101111111111111011111
000001110111011101111111111111101111
000001110111011101111111111111110111
000001110111011101111111111111111011
000001110111011101111111111111111110
000001110111011110011111111111111111
000001110111011110101111111111111111
000001110111011110110111111111111111
000001110111011110111011111111111111
000001110111011110111101111111111111
000001110111011110111111011111111111
000001110111011110111111110111111111
000001110111011110111111111011111111
000001110111011110111111111101111111
000001110111011110111111111110111111
000001110111011110111111111111011111
000001110111011110111111111111110111
000001110111011110111111111111111011
000001110111011111001111111111111111
000001110111011111011011111111111111
000001110111011111011101111111111111
000001110111011111011110111111111111
000001110111011111011111101111111111
000001110111011111011111110111111111
000001110111011111011111111011111111
000001110111011111011111111110111111
000001110111011111011111111111101111
000001110111011111011111111111110111
000001110111011111011111111111111011
000001110111011111011111111111111101
000001110111011111100111111111111111
000001110111011111101101111111111111
000001110111011111101111111101111111
000001110111011111101111111111011111
000001110111011111101111111111101111
000001110111011111101111111111111011
000001110111011111101111111111111101
000001110111011111101111111111111110
000001110111011111110110111111111111
000001110111011111110111011111111111
000001110111011111110111110111111111
000001110111011111110111111110111111
000001110111011111110111111111011111
000001110111011111110111111111101111
000001110111011111110111111111110111
000001110111011111110111111111111011
000001110111011111110111111111111101
000001110111011111110111111111111110
000001110111011111111001111111111111
000001110111011111111010111111111111
000001110111011111111011011111111111
000001110111011111111011101111111111
000001110111011111111011110111111111
000001110111011111111011111101111111
000001110111011111111011111110111111
000001110111011111111011111111101111
000001110111011111111011111111110111
000001110111011111111011111111111011
000001110111011111111011111111111101
000001110111011111111011111111111110
000001110111011111111100111111111111
000001110111011111111101011111111111
000001110111011111111101101111111111
000001110111011111111101110111111111
000001110111011111111101111011111111
000001110111011111111101111101111111
000001110111011111111101111111110111
000001110111011111111101111111111011
000001110111011111111101111111111110
000001110111011111111110101111111111
000001110111011111111110111101111111
000001110111011111111110111110111111
000001110111011111111110111111011111
000001110111011111111110111111101111
000001110111011111111110111111110111
000001110111011111111110111111111101
000001110111011111111110111111111110
000001110111011111111111001111111111
000001110111011111111111011011111111
000001110111011111111111011101111111
000001110111011111111111011110111111
000001110111011111111111011111011111
000001110111011111111111011111111011
000001110111011111111111011111111101
000001110111011111111111011111111110
000001110111011111111111100111111111
000001110111011111111111101011111111
000001110111011111111111101110111111
000001110111011111111111101111011111
000001110111011111111111101111101111
000001110111011111111111101111110111
000001110111011111111111101111111011
000001110111011111111111101111111110
000001110111011111111111110101111111
000001110111011111111111110111011111
000001110111011111111111110111101111
000001110111011111111111110111111011
000001110111011111111111110111111101
000001110111011111111111110111111110
000001110111011111111111111010111111
000001110111011111111111111011110111
000001110111011111111111111011111011
000001110111011111111111111011111101
000001110111011111111111111101101111
000001110111011111111111111101110111
000001110111011111111111111101111011
000001110111011111111111111101111101
000001110111011111111111111101111110
000001110111011111111111111110101111
000001110111011111111111111110111011
000001110111011111111111111110111101
000001110111011111111111111111001111
000001110111011111111111111111010111
000001110111011111111111111111011011
000001110111011111111111111111011101
000001110111011111111111111111011110
000001110111011111111111111111100111
000001110111011111111111111111101011
000001110111011111111111111111101110
000001110111011111111111111111110011
000001110111011111111111111111111001
000001110111011111111111111111111100
000001110111100011111111111111111111
000001110111100101111111111111111111
000001110111100110111111111111111111
000001110111100111011111111111111111
000001110111100111101111111111111111
000001110111100111110111111111111111
000001110111100111111011111111111111
000001110111100111111101111111111111
000001110111100111111110111111111111
000001110111100111111111011111111111
000001110111100111111111101111111111
000001110111100111111111111111011111
000001110111100111111111111111101111
000001110111100111111111111111110111
000001110111100111111111111111111011
000001110111100111111111111111111101
000001110111101001111111111111111111
000001110111101011011111111111111111
000001110111101011101111111111111111
000001110111101011110111111111111111
000001110111101011111011111111111111
000001110111101011111101111111111111
000001110111101011111110111111111111
000001110111101011111111011111111111
000001110111101011111111101111111111
000001110111101011111111110111111111
000001110111101011111111111011111111
000001110111101011111111111111011111
000001110111101011111111111111101111
000001110111101011111111111111111011
000001110111101011111111111111111101
000001110111101101011111111111111111
000001110111101101101111111111111111
000001110111101101110111111111111111
000001110111101101111011111111111111
000001110111101101111101111111111111
000001110111101101111110111111111111
000001110111101101111111101111111111
000001110111101101111111110111111111
000001110111101101111111111011111111
000001110111101101111111111110111111
000001110111101101111111111111011111
000001110111101101111111111111101111
000001110111101101111111111111110111
000001110111101101111111111111111011
000001110111101101111111111111111101
000001110111101101111111111111111110
000001110111101110110111111111111111
000001110111101110111101111111111111
000001110111101110111110111111111111
000001110111101110111111011111111111
000001110111101110111111101111111111
000001110111101110111111110111111111
000001110111101110111111111011111111
000001110111101110111111111101111111
000001110111101110111111111110111111
000001110111101110111111111111011111
000001110111101110111111111111110111
000001110111101110111111111111111011
000001110111101110111111111111111101
000001110111101110111111111111111110
000001110111101111010111111111111111
000001110111101111011101111111111111
000001110111101111011110111111111111
000001110111101111011111110111111111
000001110111101111011111111011111111
000001110111101111011111111101111111
000001110111101111011111111111011111
000001110111101111011111111111101111
000001110111101111011111111111111011
000001110111101111011111111111111101
000001110111101111100111111111111111
000001110111101111101011111111111111
000001110111101111101101111111111111
000001110111101111101111011111111111
000001110111101111101111101111111111
000001110111101111101111111011111111
000001110111101111101111111101111111
000001110111101111101111111110111111
000001110111101111101111111111011111
000001110111101111101111111111110111
000001110111101111101111111111111011
000001110111101111101111111111111101
000001110111101111101111111111111110
000001110111101111110110111111111111
000001110111101111110111011111111111
000001110111101111110111101111111111
000001110111101111110111110111111111
000001110111101111110111111011111111
000001110111101111110111111110111111
000001110111101111110111111111011111
000001110111101111110111111111101111
000001110111101111110111111111110111
000001110111101111110111111111111011
000001110111101111110111111111111101
000001110111101111110111111111111110
000001110111101111111001111111111111
000001110111101111111010111111111111
000001110111101111111011011111111111
000001110111101111111011110111111111
000001110111101111111011111011111111
000001110111101111111011111110111111
000001110111101111111011111111011111
000001110111101111111011111111110111
000001110111101111111011111111111011
000001110111101111111011111111111101
000001110111101111111101011111111111
000001110111101111111101110111111111
000001110111101111111101111101111111
000001110111101111111101111111101111
000001110111101111111101111111110111
000001110111101111111101111111111011
000001110111101111111110101111111111
000001110111101111111110111011111111
000001110111101111111110111111011111
000001110111101111111110111111101111
000001110111101111111110111111110111
000001110111101111111110111111111011
000001110111101111111110111111111101
000001110111101111111110111111111110
000001110111101111111111001111111111
000001110111101111111111010111111111
000001110111101111111111011011111111
000001110111101111111111011111101111
000001110111101111111111011111111011
000001110111101111111111011111111101
000001110111101111111111011111111110
000001110111101111111111100111111111
000001110111101111111111101011111111
000001110111101111111111101111011111
000001110111101111111111101111101111
000001110111101111111111101111110111
000001110111101111111111101111111011
000001110111101111111111101111111101
000001110111101111111111110011111111
000001110111101111111111110110111111
000001110111101111111111110111011111
000001110111101111111111110111101111
000001110111101111111111110111110111
000001110111101111111111110111111011
000001110111101111111111110111111101
000001110111101111111111110111111110
000001110111101111111111111001111111
000001110111101111111111111010111111
000001110111101111111111111011011111
000001110111101111111111111011101111
000001110111101111111111111011110111
000001110111101111111111111011111011
000001110111101111111111111011111101
000001110111101111111111111101101111
000001110111101111111111111101110111
000001110111101111111111111101111011
000001110111101111111111111101111101
000001110111101111111111111101111110
000001110111101111111111111110101111
000001110111101111111111111110110111
000001110111101111111111111110111011
000001110111101111111111111110111110
000001110111101111111111111111010111
000001110111101111111111111111011011
000001110111101111111111111111011101
000001110111101111111111111111011110
000001110111101111111111111111100111
000001110111101111111111111111101110
000001110111101111111111111111110101
000001110111101111111111111111110110
000001110111101111111111111111111010
000001110111110001111111111111111111
000001110111110010111111111111111111
000001110111110011101111111111111111
000001110111110011110111111111111111
000001110111110011111011111111111111
000001110111110011111110111111111111
000001110111110011111111011111111111
000001110111110011111111101111111111
000001110111110011111111110111111111
000001110111110011111111111011111111
000001110111110011111111111110111111
000001110111110011111111111111011111
000001110111110011111111111111101111
000001110111110011111111111111110111
000001110111110011111111111111111101
000001110111110011111111111111111110
000001110111110100111111111111111111
000001110111110101011111111111111111
000001110111110101111011111111111111
000001110111110101111101111111111111
000001110111110101111110111111111111
000001110111110101111111011111111111
000001110111110101111111110111111111
000001110111110101111111111011111111
000001110111110101111111111101111111
000001110111110101111111111110111111
000001110111110101111111111111101111
000001110111110101111111111111111101
000001110111110110011111111111111111
000001110111110110101111111111111111
000001110111110110111101111111111111
000001110111110110111110111111111111
000001110111110110111111011111111111
000001110111110110111111101111111111
000001110111110110111111110111111111
000001110111110110111111111011111111
000001110111110110111111111101111111
000001110111110110111111111110111111
000001110111110110111111111111011111
000001110111110110111111111111110111
000001110111110110111111111111111011
000001110111110110111111111111111101
000001110111110111010111111111111111
000001110111110111011011111111111111
000001110111110111011101111111111111
000001110111110111011110111111111111
000001110111110111011111011111111111
000001110111110111011111110111111111
000001110111110111011111111011111111
000001110111110111011111111101111111
000001110111110111011111111111011111
000001110111110111011111111111101111
000001110111110111011111111111110111
000001110111110111011111111111111011
000001110111110111011111111111111101
000001110111110111100111111111111111
000001110111110111101011111111111111
000001110111110111101110111111111111
000001110111110111101111110111111111
000001110111110111101111111011111111
000001110111110111101111111101111111
000001110111110111101111111110111111
000001110111110111101111111111011111
000001110111110111101111111111111011
000001110111110111101111111111111101
000001110111110111110011111111111111
000001110111110111110101111111111111
000001110111110111110110111111111111
000001110111110111110111011111111111
000001110111110111110111101111111111
000001110111110111110111111011111111
000001110111110111110111111101111111
000001110111110111110111111110111111
000001110111110111110111111111011111
000001110111110111110111111111110111
000001110111110111110111111111111101
000001110111110111110111111111111110
000001110111110111111001111111111111
000001110111110111111010111111111111
000001110111110111111011011111111111
000001110111110111111011101111111111
000001110111110111111011111011111111
000001110111110111111011111101111111
000001110111110111111011111110111111
000001110111110111111011111111011111
000001110111110111111011111111101111
000001110111110111111011111111110111
000001110111110111111011111111111011
000001110111110111111011111111111101
000001110111110111111100111111111111
000001110111110111111101011111111111
000001110111110111111101101111111111
000001110111110111111101110111111111
000001110111110111111101111101111111
000001110111110111111101111110111111
000001110111110111111101111111011111
000001110111110111111101111111111110
000001110111110111111110011111111111
000001110111110111111110110111111111
000001110111110111111110111011111111
000001110111110111111110111101111111
000001110111110111111110111110111111
000001110111110111111110111111101111
000001110111110111111110111111111011
000001110111110111111110111111111101
000001110111110111111110111111111110
000001110111110111111111001111111111
000001110111110111111111011011111111
000001110111110111111111011101111111
000001110111110111111111011110111111
000001110111110111111111011111011111
000001110111110111111111011111101111
000001110111110111111111011111111011
000001110111110111111111011111111101
000001110111110111111111100111111111
000001110111110111111111101101111111
000001110111110111111111101110111111
000001110111110111111111101111101111
000001110111110111111111101111110111
000001110111110111111111101111111011
000001110111110111111111110011111111
000001110111110111111111110101111111
000001110111110111111111110110111111
000001110111110111111111110111111011
000001110111110111111111110111111110
000001110111110111111111111010111111
000001110111110111111111111011101111
000001110111110111111111111011110111
000001110111110111111111111011111011
000001110111110111111111111011111110
000001110111110111111111111100111111
000001110111110111111111111101011111
000001110111110111111111111101101111
000001110111110111111111111101111101
000001110111110111111111111110110111
000001110111110111111111111110111011
000001110111110111111111111110111101
000001110111110111111111111111001111
000001110111110111111111111111011011
000001110111110111111111111111011101
000001110111110111111111111111011110
000001110111110111111111111111100111
000001110111110111111111111111101011
000001110111110111111111111111101101
000001110111110111111111111111101110
000001110111110111111111111111110011
000001110111110111111111111111111001
000001110111110111111111111111111010
000001110111110111111111111111111100
000001110111111000111111111111111111
000001110111111001011111111111111111
000001110111111001111011111111111111
000001110111111001111101111111111111
000001110111111001111111011111111111
000001110111111001111111110111111111
000001110111111001111111111011111111
000001110111111001111111111101111111
000001110111111001111111111110111111
000001110111111001111111111111011111
000001110111111001111111111111101111
000001110111111001111111111111110111
000001110111111001111111111111111110
000001110111111010101111111111111111
000001110111111010110111111111111111
000001110111111010111011111111111111
000001110111111010111101111111111111
000001110111111010111111011111111111
000001110111111010111111101111111111
000001110111111010111111110111111111
000001110111111010111111111011111111
000001110111111010111111111101111111
000001110111111010111111111110111111
000001110111111010111111111111011111
000001110111111010111111111111101111
000001110111111010111111111111110111
000001110111111010111111111111111011
000001110111111010111111111111111110
000001110111111011001111111111111111
000001110111111011010111111111111111
000001110111111011011011111111111111
000001110111111011011111011111111111
000001110111111011011111110111111111
000001110111111011011111111101111111
000001110111111011011111111110111111
000001110111111011011111111111011111
000001110111111011011111111111101111
000001110111111011011111111111110111
000001110111111011011111111111111011
000001110111111011011111111111111101
000001110111111011011111111111111110
000001110111111011100111111111111111
000001110111111011101110111111111111
000001110111111011101111011111111111
000001110111111011101111110111111111
000001110111111011101111111011111111
000001110111111011101111111110111111
000001110111111011101111111111011111
000001110111111011101111111111101111
000001110111111011101111111111111011
000001110111111011101111111111111101
000001110111111011110011111111111111
000001110111111011110101111111111111
000001110111111011110110111111111111
000001110111111011110111111011111111
000001110111111011110111111110111111
000001110111111011110111111111011111
000001110111111011110111111111101111
000001110111111011110111111111110111
000001110111111011110111111111111011
000001110111111011110111111111111101
000001110111111011111001111111111111
000001110111111011111010111111111111
000001110111111011111011011111111111
000001110111111011111011111101111111
000001110111111011111011111111011111
000001110111111011111011111111110111
000001110111111011111011111111111011
000001110111111011111100111111111111
000001110111111011111101011111111111
000001110111111011111101111011111111
000001110111111011111101111101111111
000001110111111011111101111111011111
000001110111111011111101111111101111
000001110111111011111101111111111101
000001110111111011111110011111111111
000001110111111011111110101111111111
000001110111111011111110111011111111
000001110111111011111110111101111111
000001110111111011111110111110111111
000001110111111011111110111111011111
000001110111111011111110111111101111
000001110111111011111110111111111011
000001110111111011111110111111111101
000001110111111011111110111111111110
000001110111111011111111001111111111
000001110111111011111111011011111111
000001110111111011111111011110111111
000001110111111011111111011111011111
000001110111111011111111011111101111
000001110111111011111111011111110111
000001110111111011111111011111111011
000001110111111011111111011111111101
000001110111111011111111011111111110
000001110111111011111111100111111111
000001110111111011111111101011111111
000001110111111011111111101110111111
000001110111111011111111101111101111
000001110111111011111111101111111011
000001110111111011111111101111111101
000001110111111011111111101111111110
000001110111111011111111110011111111
000001110111111011111111110110111111
000001110111111011111111110111011111
000001110111111011111111110111101111
000001110111111011111111110111110111
000001110111111011111111110111111011
000001110111111011111111110111111101
000001110111111011111111111001111111
000001110111111011111111111010111111
000001110111111011111111111011011111
000001110111111011111111111011110111
000001110111111011111111111011111011
000001110111111011111111111011111101
000001110111111011111111111011111110
000001110111111011111111111100111111
000001110111111011111111111101101111
000001110111111011111111111101111101
000001110111111011111111111101111110
000001110111111011111111111110011111
000001110111111011111111111110110111
000001110111111011111111111110111011
000001110111111011111111111110111101
000001110111111011111111111110111110
000001110111111011111111111111011011
000001110111111011111111111111011101
000001110111111011111111111111011110
000001110111111011111111111111101011
000001110111111011111111111111101101
000001110111111011111111111111101110
000001110111111011111111111111110011
000001110111111011111111111111110101
000001110111111011111111111111110110
000001110111111011111111111111111001
000001110111111011111111111111111010
000001110111111011111111111111111100
000001110111111100011111111111111111
000001110111111100101111111111111111
000001110111111100110111111111111111
000001110111111100111011111111111111
000001110111111100111101111111111111
000001110111111100111110111111111111
000001110111111100111111011111111111
000001110111111100111111101111111111
000001110111111100111111110111111111
000001110111111100111111111101111111
000001110111111100111111111110111111
000001110111111100111111111111011111
000001110111111100111111111111101111
000001110111111100111111111111110111
000001110111111100111111111111111011
000001110111111100111111111111111101
000001110111111100111111111111111110
000001110111111101001111111111111111
000001110111111101010111111111111111
000001110111111101011011111111111111
000001110111111101011110111111111111
000001110111111101011111011111111111
000001110111111101011111101111111111
000001110111111101011111110111111111
000001110111111101011111111011111111
000001110111111101011111111101111111
000001110111111101011111111110111111
000001110111111101011111111111011111
000001110111111101011111111111101111
000001110111111101011111111111110111
000001110111111101011111111111111110
000001110111111101100111111111111111
000001110111111101101011111111111111
000001110111111101101101111111111111
000001110111111101101111011111111111
000001110111111101101111110111111111
000001110111111101101111111011111111
000001110111111101101111111101111111
000001110111111101101111111110111111
000001110111111101101111111111011111
000001110111111101101111111111101111
000001110111111101101111111111110111
000001110111111101101111111111111110
000001110111111101110011111111111111
000001110111111101110101111111111111
000001110111111101110110111111111111
000001110111111101110111011111111111
000001110111111101110111101111111111
000001110111111101110111110111111111
000001110111111101110111111011111111
000001110111111101110111111110111111
000001110111111101110111111111011111
000001110111111101110111111111101111
000001110111111101110111111111111011
000001110111111101110111111111111101
000001110111111101110111111111111110
000001110111111101111001111111111111
000001110111111101111011011111111111
000001110111111101111011101111111111
000001110111111101111011111011111111
000001110111111101111011111111011111
000001110111111101111011111111101111
000001110111111101111011111111111101
000001110111111101111011111111111110
000001110111111101111100111111111111
000001110111111101111101110111111111
000001110111111101111101111101111111
000001110111111101111101111110111111
000001110111111101111101111111011111
000001110111111101111101111111101111
000001110111111101111101111111110111
000001110111111101111101111111111011
000001110111111101111101111111111101
000001110111111101111110011111111111
000001110111111101111110101111111111
000001110111111101111110110111111111
000001110111111101111110111110111111
000001110111111101111110111111011111
000001110111111101111110111111110111
000001110111111101111110111111111011
000001110111111101111111001111111111
000001110111111101111111011101111111
000001110111111101111111011110111111
000001110111111101111111011111011111
000001110111111101111111011111101111
000001110111111101111111011111110111
000001110111111101111111011111111011
000001110111111101111111011111111101
000001110111111101111111011111111110
000001110111111101111111101011111111
000001110111111101111111101101111111
000001110111111101111111101110111111
000001110111111101111111101111101111
000001110111111101111111101111110111
000001110111111101111111101111111011
000001110111111101111111101111111101
000001110111111101111111110011111111
000001110111111101111111110101111111
000001110111111101111111110110111111
000001110111111101111111110111011111
000001110111111101111111110111101111
000001110111111101111111110111110111
000001110111111101111111110111111011
000001110111111101111111111010111111
000001110111111101111111111011011111
000001110111111101111111111011110111
000001110111111101111111111011111011
000001110111111101111111111011111101
000001110111111101111111111011111110
000001110111111101111111111100111111
000001110111111101111111111101101111
000001110111111101111111111101111101
000001110111111101111111111101111110
000001110111111101111111111110011111
000001110111111101111111111110101111
000001110111111101111111111110110111
000001110111111101111111111110111011
000001110111111101111111111110111110
000001110111111101111111111111001111
000001110111111101111111111111010111
000001110111111101111111111111011011
000001110111111101111111111111100111
000001110111111101111111111111101011
000001110111111101111111111111101110
000001110111111101111111111111110011
000001110111111101111111111111110101
000001110111111101111111111111110110
000001110111111101111111111111111001
000001110111111101111111111111111010
000001110111111110001111111111111111
000001110111111110010111111111111111
000001110111111110011110111111111111
000001110111111110011111011111111111
000001110111111110011111110111111111
000001110111111110011111111101111111
000001110111111110011111111111110111
000001110111111110011111111111111011
000001110111111110011111111111111110
000001110111111110101111101111111111
000001110111111110101111110111111111
000001110111111110101111111011111111
000001110111111110101111111110111111
000001110111111110101111111111011111
000001110111111110101111111111110111
000001110111111110101111111111111011
000001110111111110101111111111111101
000001110111111110101111111111111110
000001110111111110110011111111111111
000001110111111110110110111111111111
000001110111111110110111011111111111
000001110111111110110111101111111111
000001110111111110110111110111111111
000001110111111110110111111011111111
000001110111111110110111111101111111
000001110111111110110111111111011111
000001110111111110110111111111110111
000001110111111110110111111111111011
000001110111111110110111111111111101
000001110111111110111001111111111111
000001110111111110111010111111111111
000001110111111110111011011111111111
000001110111111110111011110111111111
000001110111111110111011111011111111
000001110111111110111011111111011111
000001110111111110111011111111101111
000001110111111110111011111111111011
000001110111111110111011111111111101
000001110111111110111011111111111110
000001110111111110111100111111111111
000001110111111110111101011111111111
000001110111111110111101101111111111
000001110111111110111101110111111111
000001110111111110111101111011111111
000001110111111110111101111111101111
000001110111111110111101111111110111
000001110111111110111101111111111011
000001110111111110111101111111111101
000001110111111110111110110111111111
000001110111111110111110111011111111
000001110111111110111110111101111111
000001110111111110111110111111011111
000001110111111110111110111111101111
000001110111111110111110111111110111
000001110111111110111110111111111011
000001110111111110111110111111111110
000001110111111110111111010111111111
000001110111111110111111011101111111
000001110111111110111111011111011111
000001110111111110111111011111101111
000001110111111110111111011111110111
000001110111111110111111011111111011
